歌手名,次数
初音ミク,135
Martin Garrix,116
Avicii,98
Kygo,92
Hardwell,81
The Chainsmokers,65
ILLENIUM,65
PIKASONIC,53
BUNT.,51
DubVision,47
Don Diablo,45
Gryffin,44
Nicky Romero,44
Said The Sky,39
AIKA,38
Afrojack,38
Milkoi,36
Seven Lions,36
Julian Jordan,35
Matisse & Sadko,34
Mike Williams,34
Au5,33
Virtual Riot,32
Skrillex,31
A R I Z O N A,30
San Holo,30
Armin van Buuren,30
Chime,29
Kirara Magic,29
Porter Robinson,29
David Guetta,28
Thomas Rhett,27
Lucas & Steve,27
William Black,27
Cheat Codes,27
Last Heroes,26
MitiS,26
Revealed Recordings,26
Mesto,26
Skybreak,25
Sandro Cavazza,25
USAO,25
t+pazolite,25
Brooks,24
CHOMPO,24
Alan Walker,24
R3HAB,24
RUQOA,24
Nate Smith,24
かめりあ,23
Zedd,23
Tiësto,23
W&W,23
Coldplay,22
RetroVision,22
Nurko,22
Aiobahn,22
Dabin,22
可不,22
Alexander Nakarada,22
Justin Mylo,22
Manse,21
Madeon,21
Dean Lewis,21
Taylor Swift,21
Synthion,21
Calvin Harris,21
Marshmello,20
Soaring Records,20
Laur,20
Alesso,20
SLANDER,20
Blinders,20
Steerner,20
OneRepublic,19
Jason Ross,19
Tobu,19
PHONO RECORDS,19
Blanke,19
Galantis,19
SaMZIng,19
Lewis Capaldi,19
Yunomi,18
Mazare,18
重音テト,18
Crystal Skies,18
Teminite,18
Midnight Kids,18
Kobaryo,18
NOTD,18
Maddix,18
Aice room,18
TheFatRat,18
5 Seconds of Summer,18
Avicii unreleased,18
deadmau5,17
Trivecta,17
Vluarr,17
Mameyudoufu,17
ヨルシカ,17
Former Hero,17
ARMNHMR,17
Calum Scott,17
Jay Hardway,17
KOTONOHOUSE,16
Linney,16
Greazy Puzzy ****erz,16
SABAI,16
Syn Cole,16
Vicetone,16
Tollef,16
ななひら,15
Tatsunoshin,15
Mo Falk,15
Adam Doleac,15
Curbi,15
Bumpÿ,15
結束バンド,15
Frank Walker,15
HJLL,15
Nyarons,15
Headhunterz,15
Seth Hills,15
Subtronics,15
JimVirslox,14
Dia Frampton,14
Shiroi-Ice,14
Sub Zero Project,14
なこたんまる,14
Jonas Blue,14
Mike Perry,14
Julia Michaels,14
HALIENE,14
Lost Frequencies,14
Feint,14
Rameses B,14
Felix Jaehn,14
Otto Knows,14
SeeB,14
The Weeknd,14
Kotori,14
Culture Code,14
Ellie Goulding,14
PoppoOVO,13
KSHMR,13
Showtek,13
Elektronomia,13
Laura Brehm,13
Zonderling,13
Oliver Heldens,13
ROY KNOX,13
RUNN,13
Mestie,13
Nevve,13
ミツキヨ,13
Fred again..,13
EmoCosine,13
塞壬唱片-MSR,13
VSTx,13
Bonn,13
Salty Salt,13
Imagine Dragons,13
Sasha Alex Sloan,12
acloudyskye,12
Juggernaut.,12
Third Party,12
Xeuphoria,12
Swedish House Mafia,12
YOASOBI,12
Caslow,12
Yetep,12
Karra,12
Bossfight,12
Bassjackers,12
Micah Martin,12
*Luna,12
PLEEG,12
Eleganto,12
Hoang,12
Excision,12
Fairlane,12
Petey Martin,12
上海アリス幻樂団,12
七音阿卡莉,12
Mike Posner,12
Timmy Trumpet,11
JVKE,11
Chris James,11
Da Tweekaz,11
鏡音リン,11
NUZB,11
Jordan Grace,11
Scro,11
Jim Yosef,11
Bring Me the Horizon,11
Sam Feldt,11
Monika Santucci,11
33 Below,11
Ed Sheeran,11
ピノキオピー,11
YUKIYANAGI,11
Tokyo Machine,11
Philip Strand,11
Blasterjaxx,11
DJ Snake,11
Justin Bieber,11
jeonghyeon,11
clef,11
CAZZETTE,11
The 1975,11
平葵,11
TV Noise,11
水瀬いのり,11
Charlie Puth,10
D-Sturb,10
Sound Rush,10
P*Light,10
Kevin MacLeod,10
電音部,10
ヒバナ,10
Tungevaag,10
Ace Aura,10
Nytrix,10
VIVID,10
Gareth Emery,10
C418,10
nayuta,10
DJ Genki,10
Snail's House,10
Mwk,10
Wooli,10
Shaun Farrugia,10
ODESZA,10
RiTSUMUGo,10
Hyper Potions,10
Olly James,10
Donna Tella,10
WildVibes,10
Sharks,10
Florian Picasso,10
TAIGA,10
Onism.,10
HoneyComeBear,10
F-777,10
GhostDragon,10
Dirty Palm,10
Kosling,10
ARForest,10
Audien,10
苺りなはむ,9
TSAR,9
NEIMY,9
KITSUNE,9
Pegboard Nerds,9
Taishi,9
Sick Individuals,9
Jordan Shaw,9
はるまきごはん,9
Zoe Wees,9
StarlingEDM,9
Ava Max,9
STARLYTE,9
Axero,9
2088 RECORDS,9
Dirty Workz,9
Diviners,9
Man Cub,9
Walk off the Earth,9
OVSKY,9
Robbie Mendez,9
One Direction,9
ずっと真夜中でいいのに。,9
AXMO,9
Anyma,9
Wildstylez,9
YUC’e,9
Post Malone,9
Waterflame,9
3LAU,9
PRXZM,9
Rita Ora,9
Sebastian Ingrosso,9
MIMI,9
KASTRA,9
Infowler,9
Yasser,9
Carly Rae Jepsen,9
ナナツカゼ,8
Casey Cook,8
STRlighT,8
Luma,8
JJD,8
Alex Skrindo,8
Aloe Blacc,8
Virginia To Vegas,8
Kevin Graham,8
Jay Eskar,8
Hilarity Leap Records,8
Taisheng Music,8
rshand,8
Phuture Noize,8
The Midnight,8
Dual Damage,8
Xuan K17,8
Steve Aoki,8
Sander van Doorn,8
JT Roach,8
Bernis,8
UNTIT-LED,8
Eminem,8
Will Sparks,8
Fancy Floss,8
Selena Gomez,8
nuphory,8
bbno$,8
Deadly Guns,8
Afinity,8
Endless-Music,8
nanobii,8
HertzRecords,8
David Frank,8
Wisp X,8
あよ,8
MyGO!!!!!,8
Daya,8
Couple N,8
John Martin,8
Puppet,8
Bebe Rexha,8
Dastic,8
Dreweybear,7
Noah Kahan,7
KAAZE,7
たかやん,7
Crankdat,7
Fox Stevenson,7
Maia Wright,7
あたらよ,7
MYLK,7
CITY SOUNDS 城市聲音,7
Conro,7
BPM15Q,7
Russell Dickerson,7
Feenixpawl,7
Dimitri Vegas & Like Mike,7
Sarah De Warren,7
Katy Perry,7
Aversion,7
K-391,7
Matthew Koma,7
if found,7
Arcando,7
Sefa,7
AMIDY,7
Itro,7
Far Out,7
Pixel Terror,7
Diary Music,7
Nhato,7
RIOT,7
buckit 陈楒潼,7
Valerie Broussard,7
Hard Driver,7
Ferry Corsten,7
ArrAy-P,7
Maroon 5,7
DJ Noriken,7
Papa Khan,7
Ryos,7
鹿乃,7
MERYLL,7
RudeLies,7
Giuseppe Ottaviani,7
HUMAN,7
Neko Hacker,7
Beau Collins,7
St. Lundi,7
Deniz Koyu,7
しゃろう,7
Zac Brown Band,7
Paper Skies,7
v flower,7
Veela,7
雨宮天,7
Eliminate,7
Elliot Hsu,7
GUMI,7
Clean Bandit,7
Corey James,7
小野道ono,7
Danyka Nadeau,7
Robin Schulz,7
AREA21,7
Panda Eyes,7
SWACQ,7
Georgia Ku,7
Skytech,7
DECO*27,7
Rentz,7
Declan J Donovan,7
P丸様｡,7
STVW,7
Cash Cash,7
Daft Punk,7
Bright Lights,7
Tom Frane,6
Lavern,6
やなぎなぎ,6
SadBois,6
Two Friends,6
HoneyWorks,6
かぴ,6
Zekk,6
Hoaprox,6
Ariana Grande,6
Above & Beyond,6
RJ Pasin,6
Dimitri Vangelis & Wyman,6
Travis Scott,6
Neil.,6
Eleven李德嘉,6
Quadrant Shield Music,6
Nevoit,6
まふまふ,6
IA,6
Ennex,6
ColBreakz,6
Clara Mae,6
森永真由美,6
Sub Focus,6
Vertile,6
Kohta Imafuku,6
Boxplot,6
MEDZ,6
William Ekh,6
Exede,6
Lights,6
Azuria Sky,6
Forester,6
Neyra,6
Tritonal,6
Bertie Scott,6
Chill Satellite,6
Bipolar Sunshine,6
Dash Berlin,6
aran,6
SOUNDR,6
Toby Fox,6
Loote,6
Khalid,6
Orange Purple,6
CADMIUM,6
ラックライフ,6
Aeden,6
Anderex,6
削除,6
Costa Music,6
Janieck,6
Stonebank,6
Danni Carra,6
EBIMAYO,6
Trella,6
Quintino,6
Moon Jelly,6
Dirtyphonics,6
Guy Arthur,6
DAZBEE,6
洛天依Official,6
Sineself,6
Geoxor,6
Billy Raffoul,6
Codeko,6
雨部冷キザミ,6
森羅万象,6
GRX,6
歌愛ユキ,6
The Living Tombstone,6
Pilton,6
DVBBS,6
Slushii,6
Sigala,6
V-SouL,6
Aviella,6
Project 46,6
Kevin Faltin,6
Flay!,6
Bad Computer,6
Haywood,6
Dagny,6
SaberZ,6
Suno.ai,6
ATB,6
Dylan Matthew,6
Mili,6
TCHAMI,6
HOYO-MiX,6
Martell,6
Shortround,6
Danny Olson,6
倚水,6
Elley Duhé,6
AJR,6
亚述,6
Doxed,6
Sam Smith,6
Justin Jesso,6
君名古河渚,6
Westlife,6
Ran-D,6
Aspyer,6
Owl City,6
JANEE,6
原口沙輔,5
Two Steps From Hell,5
Similar Outskirts,5
z²,5
Mutilator,5
Jeffrey Sutorius,5
Massive New Krew,5
Different Heaven,5
ずんだもん,5
Chenda,5
S3RL,5
D-Block & S-te-Fan,5
Frums,5
KDH,5
Blackcode,5
IVORY,5
Tenkitsune,5
Such,5
Jack Shore,5
Nitro Fun,5
MAISONdes,5
Orangestar,5
Jonas Brothers,5
phritz,5
Underbelly,5
Hayla,5
ロクデナシ,5
Fells,5
David Kushner,5
Abandoned,5
Vexento,5
Zak Abel,5
Howen,5
Alan Aztec,5
Knock2,5
Dripice,5
Xomu,5
Breathe Carolina,5
格莱美汇,5
Yukacco,5
N3WPORT,5
APEK,5
Heather Sommer,5
Mako,5
米津玄師,5
Distrion,5
KC,5
RØRY,5
ミディ,5
RiraN,5
Cloudier,5
JINGYAN,5
Rebelion,5
Sickmode,5
Trifect,5
Trey Pearce,5
Disclosure,5
Britt Lari,5
南ノ南,5
DJ Myosuke,5
LOOPERS,5
Louis The Child,5
Deerock,5
Egzod,5
Crime Zcene,5
Dr Phunk,5
Kill The Noise,5
Kasbo,5
MAKJ,5
picco,5
David Alexander,5
Avril Lavigne,5
Maazel,5
N-Vitral,5
Shingo Nakamura,5
U2,5
Extra Terra,5
Morgan Wallen,5
MARETU,5
Massica,5
BRAINFREEZE,5
Kanye West,5
Vin,5
livetune,5
ころねぽち,5
The Caretaker,5
yama,5
Bastille,5
Stadiumx,5
Triangle Alliance,5
Dermot Kennedy,5
Chinozo,5
Oliverse,5
Conor Maynard,5
高橋李依,5
Clear Sky,5
John Newman,5
Wholm,5
Nao,5
ODD陈思键,5
Plastik Funk,5
Avi8,5
cloudfield,5
Sentinel,5
8bite,5
Matt Dybal,5
Dion Timmer,5
KARUT,5
Citadelle,5
DM DOKURO,5
Shion Lee,5
Miles Away,5
Robbie Rosen,5
Jonth,5
RADWIMPS,5
Sofuu,5
A-39,5
Dua Lipa,5
Eric Prydz,5
XXXTENTACION,5
Ceru_Lean.,5
Corn Wave,5
DEAMN,5
TeddyLoid,5
Aurora Sky,5
Tsugumi Nagahara,5
Alex Aris,5
Martin Jensen,5
MoppySound,5
Osrin,5
Kaskade,5
Matoma,5
Miley Cyrus,5
Shawn Mendes,5
Meland X Hauken,5
Maski & Banga,5
鬼頭明里,5
Dex Arson,5
Rival,5
Harley Bird,5
Earl St. Clair,5
Chico Rose,5
Nina Nesbitt,5
Ball VRP,5
Axwell Λ Ingrosso,5
Matt Maeson,5
Madison Mars,5
Amba Shepherd,5
Vargas & Lagola,5
Ben Nicky,5
Joe Jury,5
Frida Amundsen,5
Wasteland,5
Andrew Rayel,5
Trevor Guthrie,5
Zara Larsson,5
Emily Warren,5
Moav,4
Vancouver Sleep Clinic,4
Catiso,4
Sam Tinnesz,4
N33T,4
小瀬村晶,4
Justin J. Moore,4
musicbyaden,4
Tweekacore,4
Vally.exe,4
Merow,4
LUVIUM,4
THIRST,4
Halsey,4
Barely Alive,4
BlackY,4
Viznode,4
Cinkille,4
Siks,4
David Allen,4
Olivver the Kid,4
Paul Flint,4
Rogue,4
Essenger,4
ARTY,4
Disphing,4
MOTTO MUSIC,4
Sacton,4
Atmozfears,4
Marlhy,4
Hilda,4
トゲナシトゲアリ,4
N1LL,4
Ecstatic,4
N2V,4
MYUKKE.,4
PEKIDS,4
一杯猫头,4
Dachs,4
Holochrome,4
ORACLE,4
AURORA,4
Lena Raine,4
Minecraft,4
Becky Hill,4
John Summit,4
こはならむ,4
GHOST CLAW,4
BrillLion,4
Jade Key,4
Raiden,4
Justin Caruso,4
Fiora,4
Blue Wednesday,4
The Vamps,4
LIONE,4
GHASTLY,4
Astrid S,4
Mark Sixma,4
Attom,4
Reece Lemonius,4
Nick Ledesma,4
Dimension,4
Tom Swoon,4
Sound Souler,4
Pogo,4
Joulez,4
Kaval,4
Sanaas,4
Why Don't We,4
DUSTCELL,4
Kerli,4
NGHTMRE,4
『ユイカ』,4
Team Grimoire,4
Bruno Mars,4
Philtered,4
Otto Palmborg,4
Severman,4
you,4
Gill Chang,4
B-Front,4
Laszlo,4
Rooler,4
Dillon Francis,4
Elle Vee,4
MAX,4
Brennan Heart,4
Sainro,4
Disco Fries,4
Dropgun,4
忍,4
Diandra Faye,4
Uberjak'd,4
Sikdope,4
rionos,4
Maratone,4
Daeya,4
瑞葵(mizuki),4
Wooden,4
REDALiCE,4
ADean,4
Jasmine Thompson,4
Bianca,4
星尘纪之声,4
Melody_Fall,4
Creo,4
Kane Parsons,4
Keith Urban,4
Kane Brown,4
Gabry Ponte,4
Mariah Carey,4
MAGNUS,4
Shiah Maisel,4
Goodboys,4
Relaye,4
稲葉曇,4
Flowdan,4
R7CKY,4
NightarcP,4
MoreanP,4
Au/Ra,4
Azertion,4
Axollo,4
Nile Rodgers,4
DJ NECOJITA,4
blaxervant,4
ONE OK ROCK,4
Kyrrin,4
Bao The Whale,4
Claire Ridgely,4
Stories,4
AuroraLight极光厂,4
Red Comet,4
Tim Bergling,4
Chris Avantgarde,4
Volt & State,4
TJR,4
Hans Zimmer,4
Tujamo,4
Tyler Graves,4
黒魔,4
Clinton Kane,4
Dannic,4
KLYDIX,4
Ray Volpe,4
Bibi Bourelly,4
Lil Nas X,4
9Lives,4
TH Lofi Studio,4
MDK,4
JWoods,4
Sakura Records Official-樱花记录,4
RDJMB,4
Elephante,4
Eplor,4
Jaimes,4
Yellow Claw,4
Wilhelm,4
泠鸢yousa,4
鎖那,4
Chris Martin,4
Macklemore,4
Official髭男dism,4
SawanoHiroyuki[nZk],4
Camila Cabello,4
Jaime Deraz,4
Bruno Hunger,4
Anamanaguchi,4
Soda纯白,4
中原龍太郎,4
BGMer,4
久保ユリカ,4
Tove Lo,4
Dyxiion,4
Panic! At The Disco,4
Xtrullor,4
The Score,4
Dyro,4
Bad Reputation,4
Aleesia,4
Throttle,4
KK,4
Ozgun,4
Krewella,4
Cuebrick,4
Heechan,4
Daoko,4
Mick Mazoo,4
Lensko,4
Wyclef Jean,4
Ytram,4
Noelle Johnson,4
Lister,4
Fall Out Boy,4
SGNLS,4
Alessia Cara,4
Sandro Silva,4
Sia,4
Kx5,4
MARF,4
Andreas Moe,4
Ummet Ozcan,4
Eleanor Forte,4
Magnificence,4
Rico & Miella,4
KEVU,4
UMEK,4
Matluck,4
Mau P,4
Arston,4
Calle Lehmann,4
Emilia Ali,4
Ina Wroldsen,4
ISLAND THUGS,4
Key Sounds Label,4
Jay Mason,4
KMNZ,4
Dio Deer,4
Didrick,4
Hanser,4
Vigiland,4
Thomas Gold,3
Snails,3
Solarstone,3
MADILYN,3
Ligo,3
April Bender,3
NIVIRO,3
Relimax,3
Darren Styles,3
Gammer,3
Pheqor,3
Codly,3
中村さんそ,3
Nightly,3
CNHKSS,3
KROMI,3
Zerb,3
Singto Conley,3
東京電脳,3
ねねるねる(CV:苺りなはむ),3
八波零音(CV:yAmmy),3
叶ヒカリ(CV:ぁぃぁぃ),3
かいりきベア,3
Alexander Stewart,3
Richard Caddock,3
UNDY,3
Axel Wernberg,3
Phoebe Ryan,3
Siamese,3
Kiiara,3
1991,3
NGC 3.14,3
吐息,3
Michael Shynes,3
ACRAZE,3
Whales,3
Fred Well,3
めありー,3
JELEE,3
RoaNn,3
No Mana,3
NEONA,3
Empty old City,3
Maren Morris,3
M83,3
Kordhell,3
Masetti,3
Audiotricz,3
Anna Yvette,3
Boom Kitty,3
Backlight,3
Animadrop,3
Yuta Imai,3
Convexity,3
Felox,3
Spagbo,3
SIIK,3
TerryZhong钟天利,3
Neru,3
Dr. Peacock,3
Yung Gravy,3
VANGUARD RECORDS,3
SPYAIR,3
OR3O,3
Neoni,3
Lexi Scatena,3
Verest,3
Rickie Nolls,3
英雄联盟,3
lama,3
Ashley Apollodor,3
Alexa Lusader,3
Outwild,3
Aaron Shirk,3
Lost Kings,3
Amidst,3
KIDDO,3
Annika Wells,3
Audiofreq,3
YOUNG BOMBS,3
Adam Pearce,3
Cosmic Gate,3
TRØVES,3
Pink Floyd,3
Cyber,3
Carol Ades,3
Miruku,3
大森日雅,3
長谷川玲奈,3
Warface,3
Diplo,3
Deorro,3
Tinlicker,3
AcuticNotes,3
Kolaa,3
Ben Gold,3
U-G,3
Solina,3
Raven & Kreyn,3
Blackbear,3
Guiano,3
Andromedik,3
RANI,3
IAN POST,3
midwxst,3
Wiz Khalifa,3
Plum - Melodic Artist,3
Chet Porter,3
明透,3
ReoNa,3
Access One,3
Bobawhale,3
Vermilion,3
RIELL,3
Delta Heavy,3
早見沙織,3
AFROKI,3
FUZI,3
Angerfist,3
Mickymar Productions Ltd,3
Nikademis,3
Fraw,3
Alan Morris,3
Bayze,3
ねんね,3
花隈千冬,3
Prismatic,3
She Is Jules,3
BOTNEK,3
F.O.O.L,3
E-Life,3
Act of Rage,3
CMA,3
DJ Sharpnel,3
MEMODEMO,3
打打だいず,3
星界,3
JocularACE,3
Halvorsen,3
Usher,3
Lil Jon,3
Marc Scibilia,3
Virtual Self,3
Kendrick Lamar,3
内田真礼,3
Unknown Brain,3
n-buna,3
Morgan Page,3
Lane 8,3
日向文,3
Riley Biederer,3
Caitlyn Smith,3
Lyn Lapid,3
メガミノウタゲ,3
Hanne Mjøen,3
a_hisa,3
Bleu Clair,3
Henrik B,3
Neck Deep,3
ZOOTAH,3
Lockbox,3
CG5,3
りりあ。,3
natsumi,3
I Don't Like Mondays.,3
Luxtides,3
Chris Linton,3
Dayce Williams,3
L350iR,3
Gaiyu,3
Matatabi Sound System,3
Shinonome Interface,3
Noctilucent,3
Hidden Melodies,3
Larz,3
Eagles,3
EMEL,3
LCwwww,3
MONKEY MAJIK,3
MORTEN,3
Madonna,3
ナツノセ,3
Dani King,3
茅野愛衣,3
Yooh,3
Leaving Laurel,3
The National Parks,3
Da-iCE,3
LBI利比,3
Malarkey,3
Aimer,3
Sta,3
Reichuu,3
7_7,3
Steve Angello,3
CamelPhat,3
Point North,3
Firebeatz,3
NLW,3
Alex M.O.R.P.H.,3
MASEraaaN,3
Ne-Yo,3
Loud Luxury,3
MAJRO,3
Dijon,3
Axwell,3
Quartzone,3
徳井青空,3
ササノマリイ,3
Triple M,3
Marnik,3
SZA,3
Queen,3
Alle Farben,3
Whethan,3
AsiaNova,3
Mha,3
Sya Sya,3
Waxel,3
Liam Payne,3
いよわ,3
Alina Renae,3
Basixx,3
Kim Petras,3
Kemiro,3
Jocelyn Alice,3
Noonie Bao,3
DG812,3
Coone,3
Alok,3
Stahl!,3
James French,3
void,3
HyuN,3
Adjuzt,3
rymszaK,3
Alexis Donn,3
CloudNone,3
Slyleaf,3
Anjulie,3
MarsReverb,3
proxy3096,3
Hillsong Young & Free,3
星名はる,3
ISOxo,3
柊マグネタイト,3
Rigel Music,3
Timecop1983,3
Jamie Scott,3
Malaa,3
HACHI,3
理想放逐,3
GSPR,3
刘佳宜Snow,3
Autodidactic Studios,3
Lucas Estrada,3
Little End,3
佐藤千亜妃,3
Fly By Midnight,3
Citron Tea,3
Vaance,3
Jon Bellion,3
猎豹游戏-Cheetah Mobile Games,3
DJ Raisei,3
藍月なくる,3
水中スピカ,3
Mitchell Tenpenny,3
Ten Times,3
Ship Wrek,3
沙包P,3
さユり,3
Metrush,3
Tate McRae,3
DNAKM,3
Jack Newsome,3
Shirobon,3
Dialock,3
MaHi,3
Cynax,3
Liz Webber,3
Dyako,3
Drake,3
Islet,3
Liu,3
Lana Del Rey,3
Rag’n’Bone Man,3
Aly & Fila,3
Badflite,3
林俊杰,3
Ayase,3
P3PPER,3
Sullivan King,3
村川梨衣,3
Bloodlust,3
Thomas Bergersen,3
Nico & Vinz,3
FliMz,3
Hinkik,3
Zomboy,3
Really Slow Motion,3
Dogena,3
SMBDY,3
GHOST DATA,3
Nathan Brumley,3
Michael Jackson,3
Zac Brown,3
X Ambassadors,3
Conor Byrne,3
Nico Santos,3
ラマーズP,3
Passenger,3
Sabrina Carpenter,3
柊キライ,3
Lockyn,3
Joel Corry,3
FRND,3
Mike Demero,3
I-YU,3
Cartoon,3
Jéja,3
Jonathan Mendelsohn,3
Cesqeaux,3
ClariS,3
東北きりたん,3
Elle King,3
Wrabel,3
Anson Seabra,3
Major Conspiracy,3
Moe Shop,3
25時,3
ナイトコードで。,3
CVBZ,3
Shakira,3
[Alexandros],3
Adele,3
David Shane,3
Lizzy Land,3
Tommy Trash,3
Chris Brown,3
Sickrate,3
Robert Miles,3
Vladimir Ashkenazy,3
dj-Nate,3
古賀葵,3
Azteck,3
Alex Hepburn,3
Rick Astley,3
Schtiffles,3
Luciana,3
Amanda Collis,3
AliA,3
JVNA,3
千坂,3
Karen Harding,3
HRVY,3
Maikki,3
Troye Sivan,3
Sound Remedy,3
Never Sleeps,3
Peder Elias,3
花澤香菜,3
Alexander Tidebrink,3
NWYR,3
The Killers,3
MRAK,3
Matt Nash,3
Caster,3
MC Ambush,3
Radiohead,3
Chester Young,3
Castion,3
070 Shake,3
Kyle Reynolds,3
LOCH,3
洛天依,3
Faithless,3
MEDUZA,3
Wave Wave,3
Dakota,3
Daye,3
Michel Zitron,3
The Him,3
Carnage,3
LIZOT,3
Meteoroid Music,3
DYSON,3
Mileo,3
SuggestedCopy7,3
SNKS,3
Borgeous,3
KiFi,3
Lindsey Stirling,3
Icona Pop,3
CRVN,3
D-Attack,3
花鋏キョウ,3
Almero,3
Nicki Minaj,3
Zack Gray,3
Space Ducks,3
Arize,3
Zack Hall,3
封墨,3
Wildhearts,3
Timeflies,3
张天奕ZTYick,3
ハコニワリリィ,3
Eyelar,3
Foria,3
4s4ki,2
NEEDY GIRL OVERDOSE,2
Valido,2
Alvin Mo,2
FLAVOREALM!味之领域,2
LeaF,2
KSUKE,2
KARAKURI,2
麻枝准,2
Emmit Fenn,2
Kwesi,2
Kozoro,2
Suave,2
SOTA,2
藤井風,2
アステリズム,2
garlagan,2
Dennis Kuo,2
信澤宣明,2
Lyndo,2
4 SeaSonS,2
CaDeR,2
Larza,2
Giin,2
Ben Woodward,2
Kadenza,2
Chelsea Cutler,2
Doja Cat,2
PSYQUI,2
D1ofaquavibe,2
Hannah Avison,2
John Legend,2
Aou,2
Sophon,2
Neddie,2
Supire,2
ミカヅキ BIGWAVE,2
Akira Complex,2
Risa Yuzuki,2
galen tipton,2
Ferkingge,2
Ink,2
Po-uta,2
上坂すみれ,2
Silentroom,2
かたぎり,2
Awakend,2
Pherato,2
Rob Gasser,2
Natalie Major,2
Rudeejay,2
Sonic Journey,2
Anubis,2
Zenea,2
Ilse,2
Holt,2
JJHIX,2
xxsagexx,2
Shy Baboon,2
siqlo,2
TAK,2
Sappheiros,2
taqumi,2
Roxanne Emery,2
Victoria Nadine,2
Eliine,2
MIKA,2
Sunny Lukas,2
楠木ともり,2
エノルミータ,2
zensei ゼンセー,2
イシダ テツヒロ,2
Weird Genius,2
Marsh,2
なるみや,2
Stephen Puth,2
David Feldman,2
Zoë Johnston,2
Ton Magie,2
ウォルピスカーター,2
Bailey Zimmerman,2
陶喆,2
Mustard,2
Bea Miller,2
LUM!X,2
GWN,2
Matt Hansen,2
Sigrid,2
Synymata,2
Nor,2
Avicilox,2
Jairf,2
Devin Wild,2
Modestep,2
Hellberg,2
nora2r,2
Glaive,2
K3nto,2
Xavi,2
TRAELMYX,2
Rsaku,2
JB RICKY,2
R5on11c,2
Adam Christopher,2
Bcoans,2
Hex Cougar,2
pixeFiruta,2
PLESTED,2
Mortis,2
Sam Martin,2
Adam Lambert,2
Rayvolt,2
The Script,2
Tyron Hapi,2
Axis,2
Yonetro,2
Spencer Newell,2
Ryo Nakamura,2
VIA,2
Charli xcx,2
Duskus,2
ヰ世界情緒,2
Stevie Hoang,2
小岩井ことり,2
ゆーり,2
Hedegaard,2
onoken,2
16,2
BraxX,2
PsoGnar,2
When We Are Wild,2
Jarryd James,2
MiraclE,2
BEAUZ,2
Carly Paige,2
INNA,2
Lush & Simon,2
zphr,2
Akamasumi.,2
Arch,2
Julia Church,2
PAQII,2
TE15SCOPE,2
9bit,2
Bob Hou,2
Cheyenne Giles,2
Dani Demand,2
Gioto,2
Joni Fatora,2
Anisko,2
AhXon,2
BROODS,2
Ember Island,2
Svrcina,2
9 Worlds,2
V还没火,2
Eric Nam,2
Miranda Glory,2
Kompany,2
Salvo,2
Janji,2
Parachute,2
Will Anderson,2
INZO,2
Le Youth,2
Zephure,2
Bon Iver,2
GLNNA,2
Achilles,2
DreamLife,2
Cediv,2
Olaf Tupik,2
Synchronice,2
Hogland,2
Satellite Empire,2
Joakim Molitor,2
Mitchie M,2
Bentley Jones,2
TOFUKU,2
Boombox Cartel,2
Mree,2
Philip Matta,2
BRKLYN,2
Kédo Rebelle,2
D-Charged,2
Andy Grammer,2
Shawn Wasabi,2
Lauv,2
Dreamira,2
Moonset,2
小坂井祐莉絵,2
Aikapin,2
ちよこ,2
Nothing But Requiem,2
project mtn.,2
July,2
JINBAO,2
Hiroyuki ODA,2
Janet Devlin,2
XMeng,2
KELTEK,2
Tom Odell,2
Ruben de Ronde,2
Camuz,2
Farius,2
Fred V,2
Mave,2
LIBA,2
Moksi,2
Miyoki,2
Mendum,2
Adam Rom,2
dreamr.,2
Prince Woods,2
V.W.P,2
Supa7onyz,2
jaron,2
Richard Bedford,2
Chase & Status,2
Imanbek,2
glisten!,2
Roald Velden,2
Summer Haze,2
Musty,2
Metrik,2
EH!DE,2
Frank Young,2
Bruno Oliveira,2
Tayla Parx,2
存流,2
Ellis,2
Sunhiausa,2
DEAF KEV,2
Felix Samuel,2
Dalic,2
NØSVN,2
WINARTA,2
VNDETTA,2
Lofi Tune,2
Black Gryph0n,2
Joe Killington,2
Deenise,2
Backspaz,2
ARTBAT,2
Billie Eilish,2
Outsiders,2
Nolan Van Lith,2
星街すいせい,2
Keepsake,2
RE-PULZE,2
Radical Redemption,2
Otokaze,2
PAX JAPONICA GROOVE,2
MAAS,2
浅場佳苗,2
Shaw_Tyan,2
kamome sano,2
ちょこ,2
Father Viola,2
にじさんじ,2
Frankmusik,2
Norwind Skies,2
Rezz,2
Popeska,2
Patrick Key,2
Asketa & Natan Chaim,2
Maduk,2
MaRLo,2
Dotnoi,2
Kajacks,2
Arizona Zervas,2
TOYMATZ,2
Ruqcie 4U,2
Triangle,2
Vassy,2
I See MONSTAS,2
Clarx,2
Veronica Bravo,2
The Forgotten,2
Dan Soleil,2
glasscat,2
Julian Calor,2
Bendel,2
KJ Physical,2
JNATHYN,2
TANO*C Sound Team,2
ZAQUVA,2
Frequencerz,2
RoughSketch,2
shameless.,2
hkmori,2
Waftwilight Records,2
Luna Lenta,2
Cream Blade,2
Romi,2
COOL&CREATE,2
The Beatles,2
Lost Wolves,2
SouMix,2
SHIZUKU,2
Bassy,2
Cranky,2
大西沙織,2
BCD Studio,2
俄罗斯军队模范亚历山德罗夫红旗歌舞团,2
ELIO,2
Sperax,2
Lockdown,2
TARA A-RAT,2
情绪,2
Solstice,2
State Champs,2
Manila ChriZ,2
Sagan,2
Jasted,2
Missio,2
YOU,2
Damon Sharpe,2
をとは,2
Adaro,2
Jiyagi,2
EIMSOUND,2
LinMou,2
Ludicin,2
ginkiha,2
LAKEY INSPIRED,2
Kylie Cantrall,2
Leila K,2
Tony Ann,2
Aloma Steele,2
Straw B,2
Neon卫柏,2
rubenmccarter,2
Kenzie,2
サカナクション,2
cosMo@暴走P,2
Gesaffelstein,2
Peak A Soul+,2
Avilon,2
Rigël Theatre,2
Unknown N.,2
辐射避难所,2
Shermanology,2
ROZES,2
Ivan Gough,2
井口裕香,2
長瀬有花,2
Fridayy,2
V!crø,2
RANASOL,2
アトラスサウンドチーム,2
Anne-Marie,2
asmi,2
the girl next door,2
Mac Demarco,2
instupendo,2
H△G,2
Adib Sin,2
Nicole Holmes,2
Ty Dolla $ign,2
Chandler Leighton,2
LostWind,2
hayve,2
Skyelle,2
Dank,2
cYsmix,2
Albin Myers,2
NERVO,2
Vinai,2
Mitch Crown,2
Time To Talk,2
Quickdrop,2
Mariame,2
QR,2
Ream雨舒,2
BloodRomantic,2
crayvxn,2
Yirokos,2
sapientdream,2
Daddy's Groove,2
Major Lazer,2
Conor Ross,2
Frida Sundemo,2
VESK GREEN 青菜,2
Carpenters,2
Nigel Good,2
Angelika,2
Tsuyoshi Suzuki,2
Ray Dalton,2
Xi,2
高瀬統也,2
Scrufizzer,2
TWICE,2
Rareno,2
LANY,2
REMNANT.exe,2
[lý],2
Mingue,2
ZCHB,2
Postcard Music,2
Supermode,2
BT,2
Marauda,2
Ave Mujica,2
Clara Sofie,2
The High,2
LiQWYD,2
Maestro Chives,2
DJ Blyatman,2
Fadi,2
Flo Rida,2
羊文学,2
James Blunt,2
なきそ,2
solfa,2
Lady Gaga,2
Piero Pirupa,2
Nora En Pure,2
LLABB,2
MATTN,2
HIDDN,2
草东没有派对,2
Zexnum,2
Cari,2
Slippy,2
BCMP,2
Pitbull,2
Nayer,2
Jaxx & Vega,2
Lenno,2
Toneshifterz,2
Haris,2
Alida,2
Tom Wilson,2
Garmiani,2
Grey,2
DreamRecD,2
YellowCheese,2
Daily天利,2
Bali Bandits,2
TsukiP,2
Nom De Strip,2
Stellar,2
ああああ,2
Euphoriczx,2
鈴木このみ,2
No Rome,2
當山みれい,2
Twinfield,2
Disarray,2
4dv*,2
yngteri,2
KYANU,2
Stistrup,2
Ruxxi,2
Josh Rubin,2
Passion Pit,2
Kurt Hugo Schneider,2
AnSue,2
Sem Vox,2
Future,2
Haywyre,2
Nadia Gattas,2
Leony,2
Kelsea Ballerini,2
DEP,2
Mae Stephens,2
Ramin Djawadi,2
和田薫,2
JAY-Z,2
Gavin James,2
Riot Ten,2
Bladee,2
Ally Brooke,2
Nick Strand,2
Lisa Moon,2
Ferdinand,2
Amo Nova,2
Maxser,2
JYH,2
Rihanna,2
L3V3LS,2
Bangler,2
DNCE,2
Southstar,2
k?d,2
Rosy Cloud Sounds,2
emyalc,2
Cannons,2
ARM,2
elijah woods,2
Mason Murphy,2
Yall,2
Vincentz,2
Direct,2
Endless Summer,2
Sadie Rose Van,2
Jai Wolf,2
RUNAWAYPLAN,2
树某懒zyjOXO,2
uma,2
Seto,2
Shel Bee,2
YUC'e,2
7风ScKaze.,2
RBBTS,2
Pastel＊Palettes,2
野田愛実,2
Uru,2
KEIGO KOBUCHI,2
琴葉茜・葵,2
久石譲,2
Severo,2
SKa2or,2
DRIIA,2
Brumal,2
JadenGarcia,2
Solaria,2
横山克,2
松本文紀,2
菅野祐悟,2
赵雷,2
のみこ,2
Olivia Ray,2
Litchee,2
Onda Norte,2
Nonik,2
Grant,2
Dirty South,2
Aoi,2
xi,2
Fafaq,2
awfuless,2
Avalan,2
Bart B More,2
小野リサ,2
Hot Shade,2
石見舞菜香,2
Four Tet,2
Awakcn,2
旅行团乐队,2
Ehrling,2
Zookeepers,2
Sung,2
Kiah,2
colate,2
Perfume,2
舐眠い,2
Green Day,2
Dougal,2
a r u k a.,2
Stardew,2
IOSYS,2
Patrick Stump,2
J.C.Zhou,2
Andrew Bayer,2
EGOIST,2
Krbread,2
Feryquitous,2
Alliance of Explorers,2
Franky Nuts,2
クラム,2
浪氏云,2
Crywolf,2
Metablue赛博蓝,2
Sky Sol,2
Araya,2
Eve,2
nøll,2
YMAin,2
Tielle,2
You & Daphne,2
Cascada,2
Neko17,2
Shallou,2
Ella Henderson,2
mgk,2
宇多田ヒカル,2
Hollidayrain,2
Ruth B.,2
RIENK,2
NUEKI,2
TOLCHONOV,2
ギガP,2
konoco,2
KIRA,2
遠山明孝,2
M.I.M.E,2
安田レイ,2
neverwaves,2
AViVA,2
Srav3R,2
Öwnboss,2
SEVEK,2
DJ-SoFun,2
aethoro,2
Elvin Shen,2
C2C,2
Mono.,2
Obadiah Brown-Beach,2
Exobolt,2
Rabbit House,2
Dk澄,2
LiElZzzz,2
中島美嘉,2
阿澄佳奈,2
虹ヶ咲学園スクールアイドル同好会,2
Eric Clapton,2
wowaka,2
Sennzai,2
ALisa,2
nicamoq,2
Seth Staton Watkins,2
Gareth Coker,2
Cryex,2
羽生まゐご,2
市瀬るぽ,2
鏡音レン,2
Elvis Presley,2
Klahr,2
Led Zeppelin,2
Audiomachine,2
bo en,2
Winamp Boys,2
lapix,2
Tony Anderson,2
Linkin Park,2
KO3,2
Agents Of Time,2
Kai,2
Jantine,2
結月ゆかり,2
GYARI,2
Vikkstar,2
初云CLoudie,2
米虾Fomiki,2
Sian Evans,2
Frank Klepacki,2
AJ Mitchell,2
松田彬人,2
A7S,2
Winona Oak,2
Miraie,2
The Wind Elementals,2
DJ Okawari,2
Tom Gregory,2
WIER,2
Glasperlenspiel,2
Stefanie Heinzmann,2
风宇,2
Fais,2
Conrad Sewell,2
Hi Noise,2
Glichery,2
Ruben,2
灰澈,2
Shino,2
RENO,2
GATTÜSO,2
Jared Lee,2
Slappy,2
sasakure.UK,2
EndCat-终猫,2
秋葵AKIAOI,2
Ponchi♪,2
Oh Wonder,2
NH22,2
Daniel Levi,2
Yotto,2
Soba,2
tayori,2
Yes,2
STARSET,2
Broiler,2
Lightscape,2
Albemuth,2
Lawrie Martin,2
yuiko,2
ひらうみ,2
Vultures Records,2
Bcalm,2
Banks,2
cocabona,2
Yasper,2
ZAYN,2
紲星あかり,2
大塚愛,2
Surfaces,2
Deepend,2
Daniel Adams-Ray,2
FKJ,2
Deyaz,2
SADRECORDS,2
Sonja,2
Benjamin Tissot,2
Joakim Karud,2
Yearn,2
Mike Candys,2
Skylar Grey,2
Skrux,2
Yves V,2
ゆある,2
闇音レンリ,2
CURTIS COLE,2
Florence + The Machine,2
佐咲紗花,2
Sad Keyboard Guy,2
Of Monsters And Men,2
Jex,2
ReLAx,2
Tristam,2
Patricia Taxxon,2
MusicByDavid,2
Elemn,2
ツミキ,2
Max Elto,2
PeriTune,2
Maestro Harrell,2
RA,2
Emei,2
Madison Watkins,2
Sofie Winterson,2
Dyrox,2
Dawn Golden,2
Blue Stahli,2
Tessa Violet,2
Steampianist,2
LAZORA,2
EnV,2
桃箱,2
Polarr,2
Bleachers,2
Marlon Roudette,2
Lennon Stella,2
Valley,2
MARTA,2
音街ウナ,2
MADZI,2
DigEx,2
Marin Hoxha,2
澤野弘之,2
Jaymes Young,2
Vengaboys,2
Jens Hult,2
Taio Cruz,2
Bobby Raps,2
Clarence Coffee JR.,2
MISTERK,2
山本康太,2
Hurts,2
Aron Blom,2
Stereoman,2
Maria Lynn,2
Joxion,2
Rico 56,2
ilan Bluestone,2
Lulleaux,2
Kid Ink,2
Alternative ending,2
Ice_watermelon233,2
Katie Pearlman,2
Dana Salah,2
Vini Vici,2
HucciI,2
The Purge,2
twocolors,2
小倉唯,2
TOFIE,2
Wild Cards,2
James Delaney,2
wotaku,2
Nate Traveller,2
Sara Skinner,2
Wyko,2
NIGHTkilla,2
Dimitri Vegas,2
Like Mike,2
Franky,2
CHRNS,2
Approaching Nirvana,2
Kevin de Vries,2
beastboi.,2
Rising Star,2
Alex Byrne,2
Rejecta,2
Macklemore & Ryan Lewis,2
Surf Mesa,2
Ecraze,2
Eli Brown,2
Ellen Louise,2
Joey Dale,2
MØ,2
Birdy,2
KLARA,2
JerScO,2
lunari.io,2
Duke & Jones,2
FlyBoy,2
Pontifexx,2
Maksim,2
Blume,2
Meghan Trainor,2
Nat James,2
Koriz,2
Edvard Grieg,2
GG Magree,2
Michael Calfan,2
Chris Jones,2
Ookay,2
Rich Edwards,2
ENMAN,2
Relacity,2
Aaron Cherof,2
Alexius Tschallener,2
Lloyiso,2
Little Big Town,2
4*,2
Will K,2
Bettye LaVette,2
JID,2
VisionV,2
Ryan Tedder,2
Taylr Renee,2
Thomas Newson,2
N i G H T S,2
FOVOS,2
Bangs,2
Space 92,2
Mila Josef,2
XYKI,2
MorganJ,2
Drove,2
ももすももす,2
Paris & Simo,2
tyDi,2
Kisshi,2
Highlnd,2
Eileen,2
Halv,2
Lou Elliotte,2
Diamond Eyes,2
asuzora,2
Demi Lovato,2
Zayde Wølf,2
Kodaline,2
Vera Blue,2
Helloworld,2
Hook N Sling,2
W/N,2
RAYE,2
Sephyx,2
Nu-La,2
Luke Combs,2
MAXPVNK,2
Emma Hewitt,2
まらしぃ,2
Martin Stevenson,2
Disciples,2
Heleen,2
Zero Days,2
Mizu,2
Bella Renee,2
Tyga,2
HIMEHINA,2
Machine Made,2
Overspace,2
KienThien,2
MrWhite,2
Tom DeLonge,2
Angels & Airwaves,2
阳花,2
Canonblade,2
Foxes,2
Chandler Blasé,2
Noah Stromberg,2
Jake Reese,2
CMC$,2
Fatman Scoop,2
Kat Nestel,2
Terror Jr,2
Dewain Whitmore,2
Young Rising Sons,2
Adrian Lux,2
Sub.Sound,2
No Signe,2
STRNGRS,2
Brando,2
Kimmie Devereux,2
N3RI,2
Becko,2
Chromeo,2
大空直美,2
MacKenzie Porter,2
Joe Janiak,2
Madnap,2
Pauline Herr,2
Futuristik,2
Tiga,2
Nick Havsen,2
Benny Benassi,2
Snoop Dogg,2
利香,2
Em Beihold,2
Rick Ross,2
Frontliner,2
Barmuda,2
Samuel Kim,2
Bvrnout,2
Moa Lisa,2
Connor Bvrns,2
Lost Sky,2
SHX4,2
Cheese Reng,2
CHRSTN,2
Josh Vietti,2
Hiyo,2
花譜,2
Fractal Dreamers,2
卉HUI-Works,2
Eliz,2
hang,2
crash909☆,2
Keega,2
Palisades,2
Travis Barker,2
Krista Marina,2
iann dior,2
あやぽんず*,2
Aqu3ra,2
Fredrik Ferrier,2
周防パトラ,2
Kalax,2
beignet,2
朱彦安,2
夏野Natsuno,2
Sou,2
Teamworx,2
Sofia Reyes,2
Raquel Castro,2
Frailai,2
Baby Gravy,2
Faith,2
Capper,2
Wheazewolf,2
戸松遥,2
Endark,2
Rachie,2
Miguel,2
赵曼伊mï,2
Cyan,2
Bon Jovi,2
Andrew Jackson,2
Fablers,2
James Gillespie,2
Yuuna Nini,2
Martin Miller,2
LUX,2
Mairc,2
Vocllum,2
Neil Ormandy,2
Raaban,2
Jonathan Steingard,2
AndyM,2
24kGoldn,2
sickpill,2
OutaMatic,2
SXTH SNS,2
神山羊,2
Tim Berg,2
Sound of Tomorrow,2
SHY Martin,2
Kydz,2
Jake Miller,2
Soda Sphere,2
Arc North,2
テヅカ,2
LucidZhou,2
iMeiden,2
杨世贸,2
Um41k,2
mixed matches,1
Lukrative,1
超てんちゃん,1
Olan,1
NGMA,1
日南結里,1
Koi.,1
Rob Simonsen,1
Reol,1
Bag Raiders,1
Leona Lewis,1
薛之谦,1
邪恶星期天,1
Chiptunes,1
RAYの丼,1
Busty and The Bass,1
yume.,1
Tyler Carter,1
M.Bronx,1
aesttc,1
王蛇备前,1
By_C陈柄源,1
WLK,1
ESCARGOT,1
Europe,1
Alva Gracia,1
Circadian,1
Mila Falls,1
itamirinen,1
brakence,1
Ryoo,1
Closki,1
一之瀬剛,1
Silverberg,1
Sidnie Tipton,1
Rom Di Prisco,1
Ky Baldwin,1
Nettspend,1
PLAN3ET AUDIO叁星社,1
Atmo,1
YuNKuMA,1
Forrest Frank,1
邓志舜,1
SGWeirdest,1
Morgin Madison,1
RENT4L,1
KRISM,1
SƠN,1
Joye Mill,1
Rosendale,1
Art3Mi5,1
Carry,1
Caphy,1
Starletta,1
Last Night Saved My Life,1
Story Untold,1
Raphaël Beau,1
NOMA,1
Twin Lights,1
Jeremy Zucker,1
苏小木,1
Ardolf,1
A-Saph,1
Foodbot,1
Fyter,1
Kyotsugyon,1
Lap^z,1
Spehs,1
Trina Lydia,1
trung-nova,1
Wyvren,1
Aphex Twin,1
DJ Mykal a.k.a.林哲仪,1
葵刚,1
DalDa GO!东九,1
BTS (防弹少年团),1
Wilbert Eckart & Volksmusik Stars,1
Frizk,1
Splitter,1
aaronmusslewhite,1
にこにこもかれー,1
Youth In Circles,1
沈以诚,1
⣎⡇ꉺლ༽இ•̛)ྀ◞ ༎ຶ ༽ৣৢ؞ৢ؞ؖ ꉺლ,1
ElectroDolly,1
RageSpeak,1
Jack Wall,1
Donna Summer,1
Aviciized,1
Spaceport Records,1
STAR1！,1
Seirén,1
Ina Bravo,1
Seld,1
TriangleReality,1
Dakku,1
完螚,1
J.G.F.,1
Lexi,1
Vau Boy,1
Satchel,1
Rita,1
Kenji Sekiguchi,1
TEMPLIME,1
星宮とと,1
mitei,1
Emma Wang,1
U. Baatar,1
D3CREE,1
Rhythm Gear,1
ShangXue,1
HOAX,1
Tomggg,1
Resonance,1
Lusso,1
Roy Orion,1
shadow_bling,1
村上まなつ,1
大亀あすか,1
貝原怜奈,1
松永あかね,1
Sobrem,1
Teadrops,1
Clrwtr,1
Boray,1
Camilia,1
Frezdlee,1
Nariz,1
PRMGH,1
NIO,1
Factor B,1
藍良あれれ,1
Tatanka,1
Mira,1
SMACK,1
Mapei,1
WUKONG悟空,1
Jarin,1
W.raiNbow,1
Echo-I,1
Celldweller,1
Oekiin,1
P3LA,1
TheLegendaryK,1
DAISHI DANCE,1
FASSounds,1
Grentperez,1
B-Complex,1
Nekta,1
SumaiLight,1
Andreas B.,1
Krisu,1
Ipsiom,1
Fax,1
DM Ashura,1
TRA$H,1
doriko,1
Henrique Camacho,1
Fatality,1
Harry Callaghan,1
mami,1
Tomohiko Togashi,1
ヤバス,1
りぃふ,1
Caleb Hearn,1
ROSIE,1
幾田りら,1
Glaceo,1
Rosie Darling,1
GX.MARK,1
Lazer Way,1
Onlap,1
Switchfoot,1
tai hirose,1
Mugatu,1
Rova,1
NLCK,1
Ли Цзясин,1
Hana,1
danretsu,1
Junk Summer,1
Ko-Shan,1
SoundCirclet,1
妃苺,1
Freezer,1
落恒,1
Violette Wautier,1
Joey Valence & Brae,1
HOPE-T,1
Rylo,1
JULIAN,1
ハローキティ,1
John De Sohn,1
imallryt,1
Shell Tenedero,1
旅行的蜗牛,1
星尘,1
Michael Kaneko,1
HAVSUN,1
Anne Gudrun,1
Metomate,1
ダイヤモンドダスト,1
FantasticYouth,1
Kuraimen.,1
The Shanghai Restoration Project,1
张乐,1
J.O.Y,1
柚子花,1
DRMA,1
Fixupboy,1
Zushi&Vanko,1
JP Cooper,1
Eileen Shan Zou,1
之之是林之之,1
Everything Everything,1
Megisto,1
LRE,1
STAR SEED,1
Liu Bei,1
LeyeT,1
Vazor,1
4sta.,1
Ukyou.,1
Astrale,1
fuslie,1
Dirty Signal,1
pluko,1
Chance Peña,1
キャラメル,1
Caramella Girls,1
Afterglow,1
Wayf4rer,1
Kairo Kingdom,1
TripL,1
Paul Werner,1
A s h,1
Meteor,1
Chris Giuliano,1
Taber,1
Asher Postman,1
Disero,1
Annelisa Franklin,1
Cafuné,1
Meganeko,1
Team Astro,1
パソコン音楽クラブ,1
弓木英梨乃,1
yutayuki,1
Blue,1
Great Good Fine OK,1
Neon Phoenix,1
鸣潮先约电台,1
Thena A,1
xTOx,1
VISION SOUND,1
Stormbreaker,1
Syxe,1
Beat Saber,1
Luvine,1
WAVO X,1
Netsky,1
Paije,1
Reimu (月代彩),1
Victor Ray,1
kurtains,1
EXZAUST,1
Teksoma,1
Rizpect,1
Ryo,1
Koda Ends,1
Wolfpup,1
Qwerty,1
Dan Berk,1
CarbondoXD,1
Boys Like Girls,1
Acyan,1
Bensley,1
Justin Hawkes,1
Kumarion,1
Seffy,1
Alenn,1
Kruelty,1
WILLIM缪维霖,1
Celestial Void,1
Lonehaven,1
Hylia,1
Mi,1
We Are One,1
Akiuta,1
"7-60,",1
维度坍缩,1
Memory Remodeling Records,1
technoplanet,1
Kuroto Sion,1
Melvyn,1
Re-Style,1
Liam Ferrari,1
Hyp3rLaps3,1
sTayU,1
Katali,1
Roddy Woomble,1
Petit Biscuit,1
肆.Lil Lian,1
ZxNX,1
Rodgers & Hammerstein,1
オカメP,1
Enrico Sangiuliano,1
おおたか静流,1
Supersaw,1
ME1ON,1
The Snake Charmer,1
Randy Rogers Band,1
ATEEZ,1
z'5,1
CANCUN?,1
やくしまるえつこ,1
永井聖一,1
Andrew Prahlow,1
nein,1
sana,1
DJ Mad Dog,1
KURO,1
Dream,1
Gregory Ackerman,1
Restless Road,1
析角,1
DJ NikiforoV,1
Foud,1
Lord Kael,1
2PM,1
Miriam Bryant,1
Contacreast,1
Amaranthe,1
万生灵,1
EL Records,1
Steve Void,1
Guytano,1
Mousse,1
Hood,1
informal.,1
Besomorph,1
CSKY,1
ANDY SVGE,1
Assertive,1
Kizuna AI,1
DJ Shimamura,1
Mind,1
S!las,1
Xander Noboa,1
Epiclight,1
TSUKI RECORDS,1
DJ PRS,1
Psychic Type,1
Ed Lynam,1
Varsha Vinn,1
honka,1
Adventurer,1
Codi,1
Daniela Andrade,1
Thomas Hayes,1
Sirena,1
Static,1
Jacob Fitzgerald,1
leorinda,1
Anna Clendening,1
Streex,1
SHANAHAN,1
Audrey Mika,1
Kuur,1
Victoria Zaro,1
Samlight,1
NK,1
Isaac Warburton,1
Noko,1
XimFny,1
Waysons,1
First State,1
Anita Kelsey,1
Nitti Gritti,1
The Fray,1
SPIRIT LINK,1
Odd Mob,1
Niki & The Dove,1
middle school,1
Ahadadream,1
Priya Ragu,1
菅田将暉,1
金色の暗,1
福圆美里,1
SKETCH UP! Recordings,1
CIEL,1
Daniel Allan,1
Indigo Pool,1
JULIE X,1
Jason Aldean,1
Carrie Underwood,1
Le Boeuf,1
MayTrix,1
Dark Warrior,1
Voicians,1
DAZZ,1
Calvo,1
Salena Mastroianni,1
Kai Wachi,1
Lø Spirit,1
Koven,1
Skylr,1
Lyon Hart,1
Aurai.,1
Slyder,1
VHS Collection,1
Dave Edwards,1
Drunk Breeze,1
TruFeelz,1
Nomra,1
Eke,1
Uplink,1
Ralph Larenzo,1
Naomi Wild,1
CAPPA,1
LaMeduza,1
Katelyn Tarver,1
Evan Berg,1
Young In Mind,1
Skyvoice,1
Ke'nekt,1
Ricky Mears,1
Divite,1
MRKO,1
Lunis,1
Triarchy,1
J.Lauryn,1
Clay Finnesand,1
Blonde Maze,1
Michael Aldi,1
Cornellia Nadya,1
1kHZ,1
Z3LLA,1
Jac & Harri,1
Bailey Coats,1
MoZella,1
Daniel Sundqvist,1
Bazzi,1
Coasts,1
Ryan Stapleton,1
Johnny van der Velden,1
CYPERT,1
The Nicholas,1
"Kairo Kingdom , Chris Jones",1
Fredji,1
EMBRZ,1
TELYKast,1
XYLØ,1
HØRIZØNS,1
Kontinuum,1
Lock Chords,1
Lexi Norton,1
Molly Marrs,1
Prblm Chld,1
Rain Man,1
Akari,1
Krysta Youngs,1
Darby,1
Haneri,1
kira,1
Culture Shock,1
Billy Lockett,1
Lenachka,1
Schala,1
Jorza,1
Ivan Jamile,1
Kill The Buzz,1
Jenson Vaughan,1
Arlow,1
Nolz,1
Riot Shift,1
So Juice,1
Eunoia,1
Owtlet,1
Rinrin,1
WILD,1
ConcernedApe,1
Arctic Moon,1
AK,1
JAWNY,1
Duumu,1
Lofi Alien,1
Jean Dawson,1
Angara,1
カゼヒキβ,1
ゲキヤクβ,1
Jukio Kallio,1
Daniel Hagström,1
Alex Guesta,1
Techtonyc,1
BlackY's BEATFLOOR,1
Phonetic,1
Polygon,1
bvd kult,1
Nota,1
Harold Faltermeyer,1
m1dy,1
Beatrice Dillon,1
Edelritter,1
Dead Pony,1
Steve Bays,1
DOUBLECREAM,1
FerryBABY,1
nobodyknows+,1
Feed Me,1
Starry Major,1
Tlefectus,1
Azix09,1
Steve Dekay,1
VOLTA,1
WE DIE YOUNG,1
iamSHUM,1
Saloon,1
Dark Sun,1
Jovi Frost,1
DJ Tranceair,1
Darkingz,1
VcMin,1
Peekaboo,1
XAELO,1
Dr. Fresch,1
Marten Hørger,1
Goukisan,1
MC Siqnal,1
Aaron Hibell,1
+α/あるふぁきゅん。,1
猫アレルギー,1
なとり,1
MOTi,1
Digital Logics,1
Alinut,1
猫野こめっと,1
SILENT SIREN,1
源屋,1
Antigon Moore,1
Auna,1
SMR LVE,1
Christina Novelli,1
Luci,1
BLVZE,1
Evan Call,1
mixty,1
Silvervale,1
Tommy Simpson,1
Anlaya Project,1
Mark & Lukas,1
Tim Sooley,1
Drek´s,1
Dropper Vampire,1
Temmie Chang,1
ANK,1
熊子,1
MJ Cole,1
piri,1
Tommy Villiers,1
Jason Derulo,1
De La Ghetto,1
DNMO,1
Paul Dowling,1
Hachi Day,1
Zaber,1
Brad Arthur,1
Anderson Paak,1
CHIKA,1
The Ivy,1
Insan3Lik3,1
Jupiter Winter,1
Burgos,1
TWISTED,1
MoonDeity,1
Unison,1
Tim Janis,1
SHADXWBXRN,1
Ty's Music,1
Sumu,1
Mairee,1
MARO,1
Moudelica,1
Chef'Special,1
Keyton,1
The Prototypes,1
Shadient,1
NIKKO,1
Jonathan & Friends,1
EMMA LOV,1
Catchphrase,1
Kyra Grove,1
宝鐘マリン,1
Kobo Kanaeru,1
上田麗奈,1
クレナズム,1
keeno,1
Normal1zer,1
米倉千尋,1
Bahari,1
Krezip,1
Bryant Powell,1
SOUL GAUGE,1
Trevor Daniel,1
KUWAGO,1
BLVD.,1
Marquise Fair,1
Mark Klaver,1
Hedex,1
ArrDee,1
Asianfusion,1
aldn,1
sugi.wa,1
KDDK,1
Rod Wave,1
December Joy,1
Zack Merci,1
Tara Louise,1
PROFF,1
CHALKEY,1
aquoferne,1
Gouryella,1
Navion,1
Oryon,1
Skush,1
Era,1
foldin,1
Xanwow,1
Titus,1
Wiguez,1
Agassi,1
AYNX,1
Sketchez,1
AISUKI,1
Summer Lela,1
Yi-Hsuan Liu,1
涼海ネモ,1
Ryan Mack,1
Hentai Xander,1
Jake Banfield,1
AlexPlay360,1
お月さま交響曲,1
Ryo Arue,1
DJ FKU,1
Caine,1
Adsoo,1
Reece Low,1
Leviro,1
ŻY,1
Pretty Patterns,1
Riemann,1
STRLGHT,1
NIGHTCAP,1
CODE ZTS LABEL,1
INVADE,1
Sellar,1
Creeds | Hardside,1
Helen Ka,1
Kisma,1
Yoe Mase,1
Lonely in the Rain,1
bailey,1
Crazy Donkey,1
金玟岐,1
JLV,1
Matryoshka,1
Christina Aguilera,1
jon-YAKITORY,1
Unphased,1
Noveci,1
Freezi ツ,1
白上フブキ,1
A.R.D.I.,1
Illitheas,1
ハム,1
Rocket Start,1
Actium,1
High 'n' Rich,1
Nada Samir,1
Koi snow,1
KHAG3,1
Sector 5,1
SAMI,1
Kevin Palacios,1
King of None,1
Baasik,1
Crooked Bangs,1
Tyler Shaw,1
WAVEDASH,1
Toro y Moi,1
Maitland,1
Hamdi,1
Taichu,1
Hollywood Principle,1
IELY,1
DAVID,1
Vessbroz,1
Loose Keys,1
Nick McWilliams,1
The Noble Six,1
el,1
NUU$HI,1
Pet Shop Boys,1
Cyclops,1
Louis Tomlinson,1
BlueFox,1
Treetalk,1
Zany,1
Ammar,1
秦基博,1
Qebrus,1
WRLD,1
Paul Elstak,1
Flashx,1
羊羊,1
The 27s,1
October Child,1
AniFace,1
雪葉,1
Kondor,1
ERV ELLO,1
Colossal,1
Dicada,1
けーだっしゅ,1
BLOOM VASE,1
Getter,1
MONXX,1
Carbin,1
AFK,1
12th Planet,1
gladde paling,1
Jerro,1
Origami Human,1
账号已注销,1
WeeHours,1
Cammie Robinson,1
Blake Rose,1
*spiLa*,1
Catching Flies,1
LicyJones,1
邬思远,1
MagLix,1
Ekali,1
Chloe Angelides,1
Karry_b,1
Zoa,1
Fran Zummo,1
Warez,1
立秋,1
Mylta,1
Technoboy,1
Iwamizu,1
Oaty.,1
Roselia,1
Emma Grace,1
Recens,1
Daniel Forster,1
Gretta Ray,1
Eugene Star,1
サツキ,1
Blademasterz,1
Refuzion,1
Analogue Dear,1
Zak Waters,1
放課後クライマックスガールズ,1
Roger Subirana,1
Adrenalize,1
SVANE,1
Wiqtory,1
Hicksu,1
AiSS,1
Elixus,1
Cherney,1
B2A,1
Anklebreaker,1
Matheus Farias,1
亚哲大大,1
さとり,1
Etta Matters,1
Ossey James,1
daevo,1
Lasso The Sun,1
Felix Schorn,1
Jyye,1
Bryan Finlay,1
Oscar Yuan,1
AKACIA,1
Marpril,1
Milky Queen,1
LU-I,1
Gracie Van Brunt,1
tober,1
CharlieWonder,1
Kameron,1
LOUD ABOUT US!,1
Nifra,1
2 Unlimited,1
QuickBuck,1
Florentin,1
Chevy,1
One of Six,1
Sun1ight,1
stripes,1
NSJ,1
Sence,1
Lonely Heaven,1
Big Time Rush,1
Chassi,1
Klaas,1
MIRESIUS,1
Voidax,1
Luner,1
ill-esha,1
Mr. Bill,1
4RUNNR,1
Shifting Perspectives,1
BeauDamian,1
Dozen,1
Yuuni,1
Aekae,1
Osanzi,1
O1RA,1
Regain,1
Sovereign King,1
Last Word,1
Corpse,1
Atilax,1
Xplosn,1
Dmitriy Kuznetsov,1
Avens,1
MT1990,1
Lara Tiozzo,1
Cloudy June,1
tsunenori a.k.a Marukabis,1
Max Mathews,1
Cardination,1
Anki,1
Skyth,1
Nina Carr,1
Powfu,1
LIARLein,1
Penelope,1
Irony,1
Pig Stinki,1
reksi,1
dylazy,1
Fearon,1
Bionator Project,1
Sad Meal,1
つぐ,1
UNIDOTS,1
Emplexx,1
Memphy,1
Maz,1
Vxsion,1
7UBO,1
ナツメ・アリー,1
Blank Ages,1
Weldon,1
ABSNT SKY,1
BraydenK,1
Idun Nicoline,1
Bonka,1
Moji,1
Wilkinson,1
North,1
Beatcore,1
Lost Identities,1
ICECORE,1
Jozzy,1
Sonic Surge,1
VSNS,1
Myles Smith,1
U3NEKO,1
Fslly,1
Steek,1
AXON.,1
Josh Breaks,1
Wuanh,1
Nho Nguyen,1
2X,1
Vastars.,1
Ben Kessler,1
Manu Dia,1
Maiah Manser,1
Father 808,1
Vion Konger,1
Didrik Thulin,1
沈文裕,1
Oliver Michael,1
OFTRC,1
Netrum,1
LIGHT,1
VIC,1
City Fidelia,1
MATZ,1
芦田菜名子,1
天音みほ,1
シスター・クレア,1
Herobust,1
J-NERATION,1
Maotai,1
Ryan Hall,1
Daphnie,1
Steve Kroeger,1
Skye Holland,1
NGRVHA,1
DFAN,1
Leah Rye,1
Victoria Anthony,1
K Camp,1
Jacquees,1
Ludacris,1
blo0my,1
Paulo,1
陈可轩,1
Carl Brandon,1
Asace,1
Fabrics Taloni,1
ど〜ぱみん,1
Noisestorm,1
shXdow.,1
INFEKT,1
ZBO,1
DeeJaVu,1
madugo,1
Youngior,1
Arron Rebustes,1
三色堇式弛放,1
津岛泡芙,1
Bloody Castle,1
North Koreans In China,1
Aaaki,1
LÚTHIEN,1
Amitav,1
Zcientistz,1
Sonu Sebastian,1
Shamil,1
Tz,1
Anna Sofia,1
OZIGIRI,1
yung juicy,1
Amy Shark,1
Shane 54,1
Cubicore,1
Eric Lumiere,1
RVAGE,1
Stephen Mark Satterthwaite,1
Floating Shrine,1
Wayd,1
Lennart Schroot,1
SRU,1
WeyJimft,1
EVERGREEN,1
i3-XePH,1
DJhome,1
Evil Activities,1
Hoper-Z,1
Pota,1
DROELOE,1
KOUKIISH,1
Tsundere Twintails,1
Aleksey Chistilin,1
.anverse,1
Sanitune,1
Alle,1
羽肿,1
Souma,1
David Benjamin,1
kenta-v.ez.,1
Pank,1
eiteen,1
Nomad,1
Luvr Boy,1
Josh Nichols,1
Sing into the night,1
Kita-Kei,1
Erian,1
XLM,1
Alicemetix,1
Damian Ray,1
LevitateXC,1
JJJ,1
Getty,1
ちよもも,1
Cycledelic,1
Atef,1
hannah fortune,1
lowstattic,1
TEA,1
Giveon,1
Charlotte Lawrence,1
Stresshead,1
Emy Smith,1
Lainey Wilson,1
M1CK3Y,1
Ozee,1
AFTGLW,1
hittrr,1
Enrico NRC,1
LexBlaze,1
Amistat,1
SampliFire,1
Ridgely,1
森林 11ang,1
何炅,1
撒贝宁,1
王鸥,1
吴映洁,1
魏大勋,1
水谷広実,1
Chaos,1
intN9,1
LUNA,1
段宜恩,1
Nancy Kwai,1
Gracie Abrams,1
棗いつき,1
SASAKRECT,1
SYO,1
maeshima soshi,1
RhymeTube,1
OHTORA,1
Hanagata,1
Kris Cayden,1
Bemax,1
Aiyo,1
death's dynamic shroud,1
Xincher,1
OldFøx,1
Xeudo Code,1
LucaProject,1
LYROPE,1
Consoul Trainin,1
KOCHO,1
Aleksandir,1
Leyla,1
Laura day romance,1
X-Eliminator,1
kinoue64,1
Akie秋绘,1
Berwyn,1
でんの子P,1
蒼姫ラピス,1
MultiPie,1
David Lin,1
X. ARI,1
Substantial,1
MIDy,1
カゼヒキβ ゲキヤクβ,1
shota,1
Jeto,1
The Ink Spots,1
OOTORO,1
Anas Sameer,1
DZMA,1
Chinese Football,1
陽花,1
Child Nation,1
Swimmy,1
硕什么？（SSM.）,1
David Puentez,1
HUNTR,1
Aklex,1
Virtual Wave,1
Barend Rauch,1
OwlDev,1
Alee,1
Snowflake,1
RYOQUCHA,1
hirihiri,1
lilbesh ramko,1
guesswhois45,1
AudiBoi,1
Childish Gambino,1
Final Day,1
Morningsiders,1
David Spekter,1
Britt,1
Yoshino Yoshikawa,1
RE:NDZ,1
Illogicoma,1
Gustixa,1
Rhianne,1
Alex Jones,1
Danny David,1
Bpooh,1
Kazhi,1
Georgi Kay,1
DJane HouseKat,1
Evoke,1
pooki,1
Artemis Orion,1
MC Jeff,1
Seas of Years,1
Andora,1
Franky Wah,1
Notaker,1
さんひ,1
Bou,1
iRah,1
Trigga,1
Takura,1
Lev,1
Alexxon,1
Chris Lehman,1
Essbee,1
南雲ゆうき,1
Mob Entertainment,1
Infinity Frequencies,1
Ice Cube,1
tilekid,1
Vanish Boys,1
Lovebug,1
ANTOJE,1
The Rah Band,1
Mild High Club,1
Lionmilk,1
Grouper,1
Molina,1
JUVENILE,1
Lefty Hand Cream,1
神はサイコロを振らない,1
Absolute area,1
もさを。,1
NOA,1
LiGHTs,1
Sød Ven,1
Daniel Caesar,1
Mox Jade,1
Dianna,1
Rezzaie,1
H3RØ,1
MRVLZ,1
IU,1
Cloudcage,1
DePaoli,1
Kaimo K,1
Cate Kanell,1
Andreas Rico,1
Belle Humble,1
Straijit,1
Menta,1
yerbby,1
給食頭蛮,1
Mannó,1
estia,1
NTRSOUND,1
Nürnberg,1
Steel Panther,1
Lupus Nocte,1
Lovren,1
徐梦圆,1
Andrew Hollander,1
New Navy,1
八木海莉,1
Rick Derra,1
C-Systems,1
L?NX,1
NEON RHYTHM,1
Verox,1
Siicko,1
DENDIPAPPEY,1
TURQUOISEDEATH,1
vmrrobotic,1
Iwakura,1
KawaiiKawaiiLove,1
李化禹,1
木制みゅーと,1
Mac McAnally,1
Chase B,1
Special Favorite Music,1
The Sound Rocket,1
Graham,1
SUARK,1
Cryogenix,1
Mindshake,1
Miokio米欧,1
KSLV Noh,1
Hugomasked,1
Dax,1
KREAM,1
Thyron,1
DEEZL,1
Romy,1
Dover,1
AritxOnly,1
SUJI °,1
usedcvnt,1
abyssal.angel,1
WA-FU,1
Evence,1
ITM,1
Brenton Mattheus,1
David Scott,1
Bob Dylan,1
Tien Viet Nguyen,1
Nox Vahn,1
魏瞑忆MINNE,1
Voiid,1
M!KE V,1
Misael Gauna,1
あれくん,1
HEDIA,1
Kristen Marie,1
Atomic,1
Aneraxx,1
Brogs,1
恋恋故人难,1
芝麻Mochi,1
Capo Productions,1
MoRsei,1
West Galaxy,1
UNI,1
Uni,1
Yuki-M,1
Jonas Rathsman,1
Ben Böhmer,1
Nintendo Sound Team,1
Channy Leaneagh,1
Armaan Malik,1
Chasner,1
Exyl,1
巡音ルカ,1
Rob Swire,1
Tx3,1
upgrades,1
SOOTHz,1
SKORZ,1
Joakim Berg,1
Tom Hangs,1
坂上なち,1
ZigZag,1
茉ひる,1
RINZO,1
Nostalgix,1
ELWIN,1
J4CKO,1
milet,1
Hollow Coves,1
堂村璃羽,1
暖日いな,1
ayaho,1
Chris Mason,1
YVMV,1
Moise,1
Blythe,1
Kaidro,1
Ephemere,1
L!LY,1
barking continues,1
Ryan Hurd,1
Disfigure,1
Claw,1
Zane,1
Illuminor,1
Justin OH,1
Nightmargin,1
Solkrieg,1
牛尾憲輔,1
Mazey,1
Enough Cereals,1
Max Cooper,1
Kotomi,1
Murphy Radio,1
Aden Foyer,1
Jake Bugg,1
SG Lewis,1
Nic D,1
Skeleten,1
KEKU,1
Blak Lukers,1
Vetwo,1
ItaloBrothers,1
Captain Curtis,1
Dr Donk,1
Zachary Blystone,1
Noa Kirel,1
BalloonPlanet,1
DC Mizey,1
e5,1
Donkey Tae,1
Heyson,1
REO,1
ぽかぽかイオン,1
Sam Varga,1
Natalia Taylar,1
Duoteque,1
Orion Sun,1
Fiji Blue,1
Leigh McRae,1
Shandy kubota,1
Nirvana,1
Ninajirachi,1
Mason,1
Princess Superstar,1
Eptic,1
Heaven's Cry,1
.｡ﾟ+..Curren｡+..｡ﾟ+ -,1
Chen-ing Music,1
雨ノ漣,1
Varien,1
Ephixa,1
jessie,1
Sidney Samson,1
Robert Slump,1
Sterling Fox,1
Galluxy,1
シャノン,1
放課後ティータイム,1
DP龙猪,1
宝楽CNBALLER,1
王云 Cloud Wang,1
Hensonn,1
Gamper & Dadoni,1
99 Percent,1
Kwengface,1
Street,1
Ice,1
anNina,1
Sebastian Wibe,1
rosy,1
Lynden Rook,1
CLOUD_,1
Axxound,1
Melchi,1
LITE,1
The Weather Station,1
ohonta,1
Whitney Houston,1
Omochi,1
幻塔手游,1
Shymie,1
Ludovico Einaudi,1
Vintage Culture,1
刘若英,1
Quavo,1
Christian Larsson,1
逃跑计划,1
茶太,1
Hayley Williams,1
Qulinez,1
Snirco,1
Millero,1
NOME.,1
Ceres,1
Art Of Fighting,1
Holl & Rush,1
虻川治,1
Scatman John,1
Rednex,1
Akon,1
SAM F,1
KO:YU,1
BRRX,1
Reacnite,1
Xerion,1
Solis,1
Sean Truby,1
Max,1
Néonhèart,1
Lil Texas,1
The Prophet,1
Teddy Swims,1
Jewelz & Sparks,1
Terry Devine-King,1
Proharderz,1
Vigel,1
York,1
Asheni,1
Robbie Seed,1
That girl,1
Doppenberg,1
Van Der Karsten,1
Airwalk3r,1
Woody van Eyden,1
Marjan,1
Spitfire,1
BELELA,1
Beacon Light,1
OTTO BLUE,1
Paul van Dyk,1
Sue McLaren,1
As Clouds Form,1
Snavs,1
Kage,1
season,1
Azon,1
Foínix,1
Daughter,1
Roniit,1
KICHM,1
Alex Kein,1
Vince Forwards,1
毒/Poison,1
Hatom,1
泽玥Zeyué,1
LAWRENT,1
Massano,1
Chuckie & Silvio Ecomo,1
OceansWhoLied,1
Beyoncé,1
Paul Oakenfold,1
charlieonnafriday,1
Jarrod Allen,1
Imperial,1
Avedon,1
Sam Void,1
DJ Koze,1
Mano Le Tough,1
Noubya,1
Mind Against,1
CAY (DE),1
Luis Fonsi,1
Daddy Yankee,1
JUNG,1
Rezonate,1
Moxie Raia,1
Ivy Adara,1
Preslea Elliott,1
Ida Red,1
Kelde,1
Craig Ruhnke,1
Josef Bamba,1
C-Show,1
π,1
Laidback Luke,1
Deborah Cox,1
Synth Monsters,1
川岛三离,1
WhiteChock,1
The Living Proof,1
ChsVD,1
Syzy,1
Tapir!,1
Bad Bunny,1
SIPPY,1
Joel Hanson,1
Sara Groves,1
那吾克热-NW,1
尤长靖,1
deadkidd.,1
Heavenstamp,1
Tomoya.S,1
ESHIKARA,1
高田憂希,1
田中美海,1
寺澤百花,1
銀製品Agprod,1
Dave Thomas Junior,1
The Rescues,1
岩崎宏美,1
SPiCYSOL,1
WHIZZ,1
Lindequist,1
ばぶちゃん,1
Gene GMGY,1
JHL,1
Brian Sereneo,1
A'SOUNG,1
Elmo,1
Nico Harris,1
CNdY,1
Whiteout,1
FootriX,1
Nahthexen,1
Boxoy,1
Eline Esmee,1
Totally Enormous Extinct Dinosaurs,1
中村千尋,1
Cyazon,1
NÉONHÈART,1
Hualang,1
Lizzo,1
Daphne Rubin-Vega,1
Andrew Underberg,1
Sam Haft,1
Sundial,1
Ikson,1
遊助,1
ak+q,1
Noah Reid,1
Nozomi Kitay,1
GAL D,1
Сто-Личный Она-Нас,1
Betsy,1
Askin Dedeoglu,1
萩山 百花,1
Bedřich Smetana,1
Daniel Wiesner,1
Petr Jiříkovský,1
AWR,1
ELcore,1
PH The Crab,1
Meirlin,1
Lunar Kwei,1
Freak Deliz,1
Dyson,1
"vα-liv, 灯里愛夏",1
LUX ARMADA,1
HoshiNe Studio,1
Alice Deejay,1
Pleinerz,1
Rainbow Illusion,1
Gostan,1
Finn Falcon,1
BENEE,1
Blanee,1
John Christian,1
SoLush,1
Lchavasse,1
PVLN,1
Fazzi,1
D-SAB,1
keshi,1
The Blessed Madonna,1
Adam Young,1
Cushy,1
SRTW,1
Hier,1
Ben Rector,1
Leslie Powell,1
KUURO,1
LNKAY,1
Andie Case,1
Caution & Crisis,1
Faintlight,1
Blackmill,1
TRK,1
Wave Racer,1
早崎あすか,1
永松亮,1
Mr. Shirai,1
Moncrieff,1
Judge,1
updog,1
甲田雅人,1
DÉ DÉ MOUSE,1
23.exe,1
Roger Shah,1
RAM,1
Natalie Gioia,1
SPACELECTRO,1
Alpheea,1
Maejor,1
Eraized,1
Grande Piano,1
Iberian,1
Calvin O'Commor,1
Sam King,1
LCD Soundsystem,1
DAESUNG,1
Xilent,1
Catnip Cloud,1
Metro Boomin,1
水曜日のカンパネラ,1
Ethan Dufault,1
Jeremy Chosenone,1
Argy,1
STANDERWICK,1
Shawn O'donnell,1
MEMBA,1
Robert Falcon,1
Playboi Carti,1
Katja Krasavice,1
Dj Junior,1
Tom Morello,1
Creedence Clearwater Revival,1
Pascal Michael Stiefel,1
Euphorian,1
Selfworth,1
Cadofox,1
aephyn,1
BARENHVRD,1
Born I Music,1
Good Morning,1
ZM-Yong,1
Fussy,1
Glascat,1
Tom-H@ck,1
Da Hool,1
Eric Leva,1
Jackal Queenston,1
Plumb,1
Tretone,1
Sangmi,1
Aspire Sound,1
ChaJo_Z,1
Mistsukiyo,1
SihAlex,1
Kelli-Leigh,1
Tim Loren,1
Haircuts For Men,1
Asdis,1
skaiwater,1
暖风,1
Malou,1
蛇塚透花,1
Skip Marley,1
SBSTN,1
OCULA,1
Kosmonic,1
Anderson East,1
Toyome,1
Aerreo,1
NSH,1
EVAN GIIA,1
Solomon Grey,1
Annamarie Rosanio,1
Rynx,1
Sandra Lyng,1
Mountkid,1
Aleus,1
Grant Bowtie,1
Zachary Bruno,1
Tim Myers,1
El May,1
Niels Geusebroek,1
Electric Youth,1
HLxQ.v.M,1
Two&One,1
Cathy Burton,1
Vairo,1
Warmo,1
CY8ER,1
小林啓樹,1
Yeah Yeah Yeahs,1
Colouring,1
Echos,1
Jookidd,1
CAO,1
MYRNE,1
Oriflame,1
SVEA,1
Anna of the North,1
Sohbana,1
Roon_kun,1
Green Velvet,1
Dajae,1
UIL,1
Oberhofer,1
Leroy Styles,1
林田匠,1
MARU,1
えみぃ,1
amazarashi,1
Day Wave,1
SirensCeol,1
Peter Wolf Crier,1
JDG,1
Dave Porter,1
More Plastic,1
Official Skybeatz,1
ましろ,1
HAEVN,1
Norin & Rad,1
Tape Machines,1
Astyn Turr,1
DELUTAYA,1
L3ADB1RD,1
Nil-Official,1
MyLzght,1
JUN,1
August Royals,1
Jill Andrews,1
JinoBeats,1
XH,1
Sikusia,1
Anne-Sophie Mutter,1
Herbert von Karajan,1
Peter Alward,1
Wiener Philharmoniker,1
Holly Humberstone,1
FrostTop,1
Glenmax,1
SO4-soap,1
Hayley Warner,1
陈冠希,1
MC仁,1
厨房仔,1
应采儿,1
TV Themes,1
Soundtrack,1
TV Theme Song Library,1
Max Milner,1
Intelligency,1
MBNN,1
Stake,1
Foozogz,1
XIRA,1
Mercer,1
Rammadeuz,1
NSK,1
Aprox,1
郑润泽,1
冰镇豆沙君,1
战双帕弥什,1
Vanguard Sound,1
しぐれうい,1
電ǂ鯨,1
根音ネネ,1
Tuno桐音,1
Snowstylez,1
chilldspot,1
LINION,1
Antaño,1
Good Times Ahead,1
Kideko,1
みつあくま,1
Very Disco,1
Shoffy,1
Lincoln Jesser,1
Benjamin Ingrosso,1
Eagle Wei,1
KSK,1
電気式華憐音楽集団,1
Madism,1
Jungo,1
MAX 3,1
幻影刃shadow,1
Rutra,1
LINKER,1
旅路,1
Solar State,1
Loompaskettee,1
LeKtriQue,1
Leah Culver,1
The Kids,1
BVSSIC,1
Vlcn,1
SAYMYNITTI,1
SAYMYNAME,1
Nitti,1
Chris Howard,1
Emily Falvey,1
Evie,1
Agdem,1
Athletics,1
Dopamine,1
Crossfade,1
Scott Buckley,1
Uamee,1
ManyFew,1
Voost,1
capo2,1
Kirara Magic Radio,1
Tep No,1
Mokita,1
JINXSPR0,1
拼音师,1
Lona.X小新,1
Omar Rudberg,1
汪峰,1
Sarah Brightman,1
Our Mirage,1
Wav3motion,1
CMAX,1
Cold Frost,1
waiting's room,1
The Caracal Project,1
Camo & Krooked,1
音速行星,1
cycles_,1
John Barry,1
Bandari,1
Rachel Grae,1
SKYLER,1
KEiG,1
Juneau,1
Zeraphym 六翼使徒,1
Kristina Antuna,1
Mary Jane Smith,1
Deutschland sucht den Superstar,1
Bass Modulators,1
Magens,1
Maozon,1
Synthtonix,1
Paul Amber,1
Ashrount,1
庭師,1
BAE,1
ISSA,1
john,1
PRASTIK DANCEFLOOR,1
Action Alexi,1
Disconation,1
Adronity,1
Erika Sirola,1
Tensnake,1
M7STIC,1
Tom Nash,1
TERRAGAZER,1
Cosmograph,1
NeLiME,1
GUANA,1
Riya,1
Titancube,1
litmus*,1
THRIVE,1
李荣浩,1
Setca.,1
AlterBoyz,1
SHAUN,1
Denis Goldin,1
Christell,1
RAIM,1
Artur,1
Adil,1
FIELD OF VIEW,1
Prime Ordnance,1
Sargolden,1
Hanno,1
BYABOS,1
FOREVER SOS,1
kilva,1
Oliver Nelson,1
Bonnie McKee,1
The Night Game,1
Maja Francis,1
Tylah Winyard,1
Anthony Dircson,1
Isa,1
Wonder,1
曾轶可,1
MacMelto,1
Kenny Pham,1
Monoir,1
Eneli,1
"Whether, I",1
陽桜里,1
Jones Vendera,1
Joseph Jacobs,1
MOSAIC.WAV,1
rintaro,1
迅猛龙,1
Battle Tapes,1
Wynne,1
Mansionair,1
Vicious,1
Future City Records,1
Tasha Baxter,1
Waveshaper,1
Isaac Shepard,1
Savannah Sgro,1
AnDyWuMUSICLAND,1
Worry Free Studios,1
Hayd,1
ALLKNIGHT,1
Robbie Hutton,1
Amunik AK,1
吉田夜世,1
Terry Callier,1
мавлан музыка,1
BlinkSoBLue,1
"nothing,nowhere.",1
Delaney Kai,1
Trauzers,1
Virus Syndicate,1
SubLioN,1
Emme,1
your friend polly,1
Matt Fax,1
万能青年旅店,1
FTRSTC,1
Blue Mirror,1
黒皇帝,1
Mas Kimura,1
ルシュカ,1
Cécile Corbel,1
Various Artists,1
Jacob Collier,1
aespa,1
Caleb Etheridge,1
Mark Petrie,1
DOVVE,1
echoed.,1
flawguri,1
LVDS,1
Timbaland,1
Ulrich Schnauss,1
Chris Tall,1
Beave,1
LETUSDANCE!,1
Andreas Postl,1
The Rubettes,1
Duke Ellington,1
John Coltrane,1
成田暁彦,1
白幕,1
Natural Structure,1
Vivienne,1
Derpcat,1
HA!L,1
Masayoshi Iimori,1
管小天,1
大黄,1
Nyacktas,1
3R2,1
ArthurGwo,1
Etori,1
Pomme,1
Liam Geddes,1
MadTing,1
Clinton Sparks,1
Marc E Bassy,1
Six,1
Natalie Paris,1
CVBS,1
Lil Yachty,1
Overmono,1
Movie Soundtracks,1
The Unwinding Hours,1
David Archuleta,1
Bebi,1
PatFromLastYear,1
Rachel Leycroft,1
Mango,1
ATTLAS,1
MAYLYN,1
Rock Mafia,1
Boo Seeka,1
Svdden Death,1
Harris Cole,1
Origami,1
张惠妹,1
VALNTN,1
Sweater Beats,1
Trevor Dering,1
SOTAREKO,1
DraGonis,1
INDX8,1
加藤英美里,1
Epic Mountain,1
小虎队,1
BACK-ON,1
針の音楽,1
Modjo,1
Dami Im,1
阳春白雪,1
XenoMorphh,1
Sarapy,1
Modulation,1
Raistar,1
Awind,1
orky!,1
Shutek,1
Gym Class Heroes,1
Neon Hitch,1
Yosh,1
R!N/Gemie,1
naNami,1
LeeAlive,1
Nikyi,1
Morlion,1
ME_DD,1
Re_houseE,1
MasterC,1
HT Records,1
The Mamas & the Papas,1
フェルト,1
燃一,1
Rachael Yamagata,1
Jakubi,1
Ices,1
八三夭,1
Nils Hoffmann,1
妹尾武,1
Timcee,1
Lena,1
Adam Tell,1
Tom Cardy,1
Montaigne,1
Alpharock,1
Vida,1
CLOUD ZERO,1
RAIZHELL,1
Deepjack,1
Kinspin,1
William Fitzsimmons,1
Natalie Taylor,1
vacation fund,1
Aurede,1
Will Heard,1
STNX,1
euphee,1
lillybug,1
-Alow,1
Eccentric,1
Paloris,1
Marcix,1
Fifth Harmony,1
small house in spain,1
Kevin Chung,1
Tha Watcher,1
DJ Aurora,1
Synth5,1
GaL,1
Stessie,1
Lexurus,1
Tommee Profitt,1
KIVΛ,1
暮月Medus,1
KERO,1
Brandyn Burnette,1
Xi_Mars,1
初音未来,1
RAVENS ROCK,1
DNDM,1
林生祥,1
Petit Rabbit's,1
Lost Garden,1
Vivid BAD SQUAD,1
Alex Bone,1
Crusher-P,1
野水伊織,1
KDrew,1
Dim Sum,1
DATEKEN,1
Jinja,1
Snow Patrol,1
川口博史,1
Abeille Giean,1
姜米條,1
bxkq,1
zetuv,1
伊沢麻未,1
Lotus Juice,1
Yacht Money,1
高森奈津美,1
Ado,1
K2 SOUND,1
Future Class,1
suhmeduh,1
TJ.hangneil,1
Sx1nxwy,1
90secondlife,1
MY FIRST STORY,1
Ron,1
nyankobrq,1
Skan,1
Krale,1
Drama B,1
Ash O'Connor,1
Grafix,1
Ruth Royall,1
meganeko,1
Yeat,1
Thomas Ng,1
Mathieu Koss,1
Wallaby,1
B3LLA,1
澜兰,1
Zerky,1
糯依Yokila,1
SHANA1_,1
Hesychia369,1
noli,1
福山光晴,1
BeMax,1
NCT,1
KoruSe,1
MADGRRL,1
Jodapac,1
Dice Of Nights,1
Lostly,1
Addpico,1
Hannah Kate,1
RYVM,1
Maria Mathea,1
MEARSY,1
RBZ,1
Oaks,1
Ash Pournouri,1
Damian William,1
Lower Bridge,1
のんです,1
卡芙卡,1
G.E.M.邓紫棋,1
Bloodhound Gang,1
Roddy Ricch,1
Aidan O'Brien,1
包达Quinn,1
墨韵随步摇,1
KOTOKO,1
EMM,1
Timirage,1
S70S,1
Dulcim_,1
Milani,1
Nari & Milani,1
Delayer,1
Happy Kuru Kuru,1
Kanro,1
Norelock,1
Backstreet Boys,1
河瀬茉希,1
Z3NONE,1
good problem,1
Alon Mor,1
Melanie Martinez,1
WiiiMoops,1
WildStarry,1
Sarah Kang,1
不才,1
三体宇宙,1
Saiki,1
Lazy,1
monaca:factory,1
NyxTheShield,1
Karate,1
佐倉綾音,1
Galen Crew,1
Knighthood,1
TM NETWORK,1
Esoteric,1
Czarface,1
dylanf,1
Beyond,1
Erik Castro,1
96猫,1
Mike Yung,1
Starley,1
Forts,1
陈致逸,1
Blonde Redhead,1
QUEENDOM,1
Czech Philharmonic String Quartet,1
Davide Sonar,1
Silverstein,1
うごくちゃん,1
Rhythmics,1
Alesda!,1
Carl Nunes,1
Alexx Mack,1
Serge Pavkin,1
Moguai,1
kanaria,1
Linnea Schossow,1
Said,1
Sakanapaste,1
保持决心Ys,1
ハッピーくるくる,1
再調整の人,1
FELT,1
Tell The Sky,1
Sam Cardon,1
Jannik,1
Alan Silvestri,1
原田彩楓,1
本渡楓,1
佳村はるか,1
Domeno,1
Simon Chylinski,1
melodysheep,1
LONGMAN,1
Ren Tanahashi,1
Matthieu Malot,1
Vanessa Carlton,1
十明,1
Alexandra Stan,1
Manilla Maniacs,1
STEAKA,1
REDFXRD,1
Hollywood Ending,1
Serzo,1
rainage,1
じん,1
Cheryl Barnes,1
Rory Rodriguez,1
Sweet,1
Reinier Zonneveld,1
E.V.C电音节,1
吴赫伦Alexso,1
桃音モモ,1
雪歌ユフ,1
中野家の五つ子,1
m.o.v.e,1
Sunstroke Project,1
Devil-Figure,1
MISOGI,1
戸高一生,1
須戸敏之,1
後田信二,1
高橋優海,1
井上萌,1
Soundridemusic,1
リリカ・ルシャトリエ,1
bao,1
Mahalo,1
DLMT,1
Lily Denning,1
Bôa,1
Zay,1
ALIUS,1
Rasmus Hagen,1
穴山大輔,1
光吉猛修,1
Les Apollo,1
BilliumMoto,1
Miyolophone,1
Gehanna,1
Richard Stonefield,1
きさら,1
渡邊里佳子,1
姜成勋,1
Big Giant Circles,1
The Royal Concept,1
Alex Schulz,1
Luka,1
Ilsey,1
琴葉茜,1
琴葉葵,1
阿良良木健,1
FITZ,1
真島ゆろ,1
TrickYzb,1
Starling8,1
コレサワ,1
Alderyn,1
Tessa Odden,1
New Rules,1
Dahl_,1
Champs,1
Avi Snow,1
Sync,1
Marky Style,1
ngo,1
808Monster,1
Перемотка,1
カルメン・マキ,1
Blues Creation,1
Olivia Rodrigo,1
Roy English,1
子智君,1
Relemo,1
虹羽RFeather,1
井之酱,1
IAMMRGODIE,1
Xoun_Zer,1
Celestri,1
淺藍,1
洛佩兹链子,1
C1-02,1
Vanxia,1
SKYLINE,1
Tungevaag & Raaban,1
Luana Kiara,1
パクユナ,1
back number,1
NF,1
William Joseph,1
EAUXMAR,1
Victor Crone,1
Wilder Woods,1
N i i,1
Just A Dolphin,1
Awe Of Nature敬畏自然,1
TiSuCa,1
Mars Music,1
From First to Last,1
James Hannigan,1
The Skywalker Symphony Chorus,1
Kotoha,1
Mighty Oaks,1
そらまふうらさか,1
Mari Ferrari,1
Tennobyte Music,1
Tim Gordon,1
Cassidy Mackenzie,1
KOSHM,1
Arsen,1
茉那,1
Diskay,1
9Lana,1
SAKURAmoti,1
Topic,1
OSKOLOK,1
Lube,1
嵐,1
Jason,1
CRITZA,1
HURTBOX,1
Ludwig Göransson,1
The AREA 13,1
Rainword,1
葉桜,1
isonosuke,1
知声,1
Roan Ash,1
SHarK,1
Westa Key,1
広橋真紀子,1
Joseph Vincent,1
elle,1
Sencha,1
Daria,1
Davromicide,1
Alex M,1
Duca,1
nekoi,1
周华健,1
成龙,1
刘德华,1
刘欢,1
SAN_QAQ,1
x7,1
Nokae,1
Kora,1
Sgt Slick,1
Parson James,1
Toby Romeo,1
Recoder,1
Miss Lina,1
音琴兎愛,1
大漠波新,1
Sir Rosevelt,1
Juztuz,1
Eric D,1
Alexa Feser,1
Annett Louisan,1
Christina Stürmer,1
ILIRA,1
Joel Brandenstein,1
JORIS,1
Kayef,1
Kelvin Jones,1
LOTTE,1
Milow,1
Philipp Dittberner,1
Sasha,1
Antje Schomaker,1
Davina Michelle,1
DIKKA,1
Egon Werler,1
Emily Roberts,1
Johannes Strate,1
Kamrad,1
Madeline Juno,1
Malik Harris,1
Max Giesinger,1
Michael Schulte,1
Mimoza,1
Moritz Garth,1
Nessi,1
Rahel,1
SDP,1
Venus,1
YAENNIVER,1
Álvaro Soler,1
Daniel Donskoy,1
Jonas Monar,1
Rea Garvey,1
Brock,1
Joshua Hyslop,1
Elijah Who,1
Kyle Xian,1
Mabanua,1
Sean Fortune,1
Bad Ape,1
Five Senses Meditation Sanctuary,1
J1zzy,1
Chace,1
过仟,1
K Maji,1
Efim Kerbut,1
Emblem3,1
AC/DC,1
Smash Mouth,1
Ezequiel Arias,1
PlayaPhonk,1
BRIGHT,1
Kirby's Dream Band,1
The Style Council,1
MiaplaK,1
kalsoer,1
jav3x,1
上原れな,1
Salder4cash,1
Nyron,1
Franny J.,1
HUAOH,1
Axol,1
Miza,1
Cielo,1
Rayz,1
Noel Aaron,1
Kris Kross Amsterdam,1
The Boy Next Door,1
Benny Blanco,1
Roa,1
takehirotei,1
HowToPlayLN,1
Sengoku Kaki,1
Elvira,1
Sting,1
Eyedress,1
mol-74,1
Daniel Kandi,1
Jimi Hendrix,1
Ozzy Osbourne,1
Tekalu,1
Cosmicosmo,1
闫东炜,1
Nomyn,1
ASIAN KUNG-FU GENERATION,1
日の当たる场所,1
佐々倉マコト,1
猫又おかゆ,1
vivid.,1
木木壹饺子,1
Awairo,1
沖石,1
Σudaimσnia,1
Jisu,1
Ojyun,1
Cedric Gervais,1
Ehallz,1
ALLEYCVT,1
Lucky Luke,1
ライクア,1
Zagata,1
Alpaca,1
はぁち,1
Jain,1
Concrete Castles,1
Serdex,1
Yves Montand,1
dezzy,1
Blackwhited,1
Tybo,1
DJ Soviet,1
Gram,1
toe,1
土岐麻子,1
Iwamoto,1
Stuffed Tomato,1
Refeeld,1
JPB,1
Rinzen,1
小野早稀,1
尾崎由香,1
本宮佳奈,1
相羽あいな,1
築田行子,1
佐々木未来,1
根本流風,1
田村響華,1
nameless,1
George Michael,1
Violation Drive,1
Mark Foster,1
サイダーバグ,1
Anden,1
Covex,1
Yianna,1
Manda Malina,1
MUERTE,1
Wye Oak,1
Make it Maks,1
H93,1
Whiiite,1
James Egbert,1
Joy Gruttmann,1
White Boy Illest,1
Wild Cherry,1
Owl Theory Music,1
Seventhrun,1
farfetch'd,1
The New Mastersounds,1
胡夏,1
Dunderpatrullen,1
魔王魂インストルメンタル,1
Adam Turley,1
Jordan Jack,1
Jay Bombay,1
Clairo,1
Michael Kiwanuka,1
Dominic Fike,1
Iselin Solheim,1
MandoPony,1
诗,1
Dan Johansen,1
Arthur Benson,1
今井麻美,1
そらる,1
ナノウ,1
Rome in Silver,1
Isac Elliot,1
Jada Facer,1
Kyson Facer,1
横田商会,1
Larry Queen,1
coldbrew,1
Howie Lee,1
Elecprok,1
伊福部昭,1
Pharoahe Monch,1
Hollis,1
Sarvar Azimov,1
Dxrk ダーク,1
Switch,1
Liz Triangle,1
ごりら公園,1
東方保育所,1
美郷あき,1
ぼーかりおどP,1
ちびた,1
浜田朱里,1
児島未散,1
飯塚雅弓,1
Flux Pavilion,1
Meesh,1
The Rolling Stones,1
福田裕彦,1
Johannes Krupp,1
基因三重奏,1
トリック・ノスタルジー,1
KeyZling,1
2045,1
fungeey,1
saros,1
Murtagh,1
ナナホシ管弦楽団,1
岩見陸,1
David Bowie,1
Resonant Language,1
Loafy Building,1
Lawrence Walther,1
Tibeauthetraveler,1
idealism,1
Jordy Chandra,1
Emperose,1
kinissue,1
Ayzic,1
Louk,1
Charlee Nguyen,1
Mondo Loops,1
Eli Way,1
RRAREBEAR,1
Osvaldo,1
Garot Michael Conklin,1
BAO,1
Aaron Terrapin,1
種崎敦美,1
Milk & Bone,1
JYOCHO,1
Breanne Düren,1
Sean Caskey,1
Dwele,1
Connie Mitchell,1
騒音のない世界,1
たかぴぃ,1
なみぐる,1
ミコ吉,1
四国めたん,1
No.7,1
めろう,1
Lucdm,1
APLaS,1
GARNiDELiA,1
David Foster,1
Kacey Musgraves,1
ARHEX,1
HHMR,1
The Isley Brothers,1
SOZEN OTSUBO,1
Sam Fender,1
pink dream,1
Rnla,1
Titan Chaos,1
水瀬ましろ,1
IPeiqi,1
ALIGASH,1
牧野由依,1
Ruston Kelly,1
Sam Noton,1
Connie Constance,1
SmK,1
King Drac,1
Dream Tunes,1
Kelly Clarkson,1
EKKSTACY,1
Amber Leigh Irish,1
GT-K,1
LinG,1
Big Gorba,1
Brian Maillard,1
Barber,1
James Landino,1
AQUASINE,1
Before You Exit,1
Vosai,1
Facading,1
Linn Sandin,1
Angry Animals,1
Justin Timberlake,1
阿鲲,1
三浦透子,1
SOFI,1
ポリスピカデリー,1
Billy Joel,1
くりたにか,1
春日部つむぎ,1
Nono,1
Gloria Kim,1
Hannah Jane Lewis,1
Elliot Moss,1
John Denver,1
Nebulite,1
Yako,1
MK (JPN),1
Trazer,1
Triodust,1
Emily Abela,1
Victor Borba,1
勇者パーティー,1
Code:Pandorum,1
Russian Village Boys,1
Diabarha,1
Serenity Summit,1
Televisor,1
Lucian,1
SHVDZ,1
Michael FK,1
Hotel Saint George,1
Unpure Bloom,1
酱汁,1
RUNE RECORDS,1
Furyan,1
LSD,1
EQUAL2,1
LBD Records,1
Kaiwenkev,1
Sleepless,1
Myntian,1
50 Cent,1
Ca$his,1
Lloyd Banks,1
AAA,1
くだらない1日,1
Pusha T,1
Clara Park,1
Jessica Audiffred,1
Adventure Club,1
KOIH,1
Tyler Ward,1
Mihka!,1
The End,1
The White Panda,1
MARUV,1
Boosin,1
Robin Hustin,1
TobiMorrow,1
Shiroroll,1
Dave Rodgers,1
VIZE,1
Eduard Artemyev,1
Marnage,1
Myke Tyler,1
venbee,1
RayRay,1
Shire Music,1
LFZ,1
Oasis,1
Brett Eldredge,1
Ryan Farish,1
Sofia Kourtesis,1
Yupel,1
Carameii,1
Floatinurboat,1
Xguiz,1
Lame Genie,1
1f1n1ty,1
市川淳,1
LemKuuja,1
Jewfy 雲の村,1
Re-Logic,1
Peter Hajba,1
FantasT,1
Elisha Sounds,1
Artemis Records,1
髙見優,1
Warptech,1
MEIKO,1
King CAAN,1
Elysa,1
黑铱BlackIris,1
果蝇轰,1
花玲,1
Angus & Julia Stone,1
KAITO,1
LOVEVICII,1
IXXXXKK,1
Tiffany Blom,1
JT Foley,1
Ryan Coss,1
TMS,1
ThimLife,1
Marque Aurel,1
Vanessa,1
ROARY,1
DAN¨ÊL,1
Deep Chills,1
IVIE,1
Matix,1
MASTIFF,1
MIDIcal,1
秋山裕和,1
最果タヒ,1
MUST DIE!,1
Max Richter,1
Louisa Fuller,1
Natalia Bonner,1
John Metcalfe,1
Philip Sheppard,1
Chris Worsey,1
Merethe Soltvedt,1
Mattia Cupelli,1
M・A・O,1
小澤亜李,1
綾倉盟,1
Divulgation,1
Slow Ted,1
Foxen,1
Elitegence,1
Kalide,1
twoDB,1
Evangelia,1
Imaginary Cities,1
Against the Current,1
peposoft,1
御A桑,1
BobbyLoad,1
虞绮,1
FollowTheSunRecords,1
Valency Records,1
東京事変,1
FMNT,1
Firelite,1
Park Bird,1
今村彩夏,1
関根明良,1
大地葉,1
影山灯,1
古木のぞみ,1
新田恵海,1
内田彩,1
三森すずこ,1
Layzzz,1
unfoldingskies,1
Gardens,1
Zendaya,1
Echoboy,1
Sofi,1
SVNSETS,1
Forehand,1
Leandro Aconcha,1
Wavfire,1
Joel Adams,1
Syrex,1
Warm Breeze,1
VØJ,1
Narvent,1
Bee Gees,1
Hank Williams,1
Steve Hartz,1
overblur,1
Susanne Sundfør,1
Black Eyed Peas,1
Gunz For Hire,1
Mayaeni,1
Holly Jolly,1
Jibbs,1
Esipey,1
CURY,1
Pop Smoke,1
A Boogie Wit da Hoodie,1
Bo Burnham,1
Jace Everett,1
椎名もた,1
Smack,1
White Cherry,1
ARuFa,1
Jeremih,1
みぃしゃ,1
3L,1
Rispaa,1
Monsta,1
NERO,1
Oliver,1
Biên,1
THE ANXIETY,1
WILLOW,1
Tyler Cole,1
杨坤,1
郭采洁,1
Leah Haywood,1
Sage the Gemini,1
BygTwo3,1
Faouzia,1
Wax Motif,1
マサラダ,1
entoy,1
suru,1
After the Rain,1
A Himitsu,1
Dankidz,1
Phora,1
cecilia,1
Cate Downey,1
BENNETT,1
大野柚布子,1
遠藤ゆりか,1
西沢さんP,1
Kamix,1
TRIF3CTO,1
Arlane,1
H Lazer,1
和氣あず未,1
高野麻里佳,1
上田瞳,1
衣川里佳,1
星谷美緒,1
土師亜文,1
渡部優衣,1
三宅麻理恵,1
久保田ひかり,1
のぐちゆり,1
会沢紗弥,1
大西綺華,1
真野美月,1
The Pointer Sisters,1
ちぃむdmp☆,1
Michael Martin Murphey,1
Dr.Phonics,1
桶狭間ありさ,1
阿知波大輔,1
Lazer Boomerang,1
SXCREDMANE,1
Kid2will,1
Sonny Denja,1
Rayna,1
Xception,1
凋叶棕,1
Chris Stapleton,1
Tim Hox,1
Emeli Sandé,1
Sevenn,1
Michael Feiner,1
gnash,1
Lynyrd Skynyrd,1
シエナ・ウインド・オーケストラ,1
オリタ ノボッタ,1
Lil' Lawrenz,1
キタニタツヤ,1
坂本龍一,1
Jaques Morelenbaum,1
Judy Kang,1
Céline Dion,1
昙轩,1
四季音色,1
メガテラ・ゼロ,1
Alex Ebert,1
内田秀,1
くいしんぼあかちゃん,1
Qutabire,1
山手響子(CV:愛美),1
Versatile,1
BONNIE X CLYDE,1
Wham!,1
Shadows&Nightmares,1
不破湊,1
Richard Walters,1
Clara C,1
朴树,1
Gator Tots,1
Wubbaduck,1
We Are Loud,1
Sonny Wilson,1
Ouse,1
Allie X,1
Ashley Drake,1
Shakedown,1
The Temper Trap,1
Salem Al Fakir,1
Mr FijiWiji,1
AgNO3,1
Nathan Goshen,1
Vories,1
Mickey Valen,1
Maliboux,1
UNKWN,1
Noe,1
星野源,1
DJ Kantik,1
アンテナガール,1
Steve Reece,1
吴青峰,1
Charming Horses,1
MPH,1
IslandWind,1
Bombs Away,1
RVLE,1
Sofiya Nzau,1
Head Quattaz,1
ET,1
邹念慈,1
Sunnery James & Ryan Marciano,1
Kid Princess,1
Daniele Leoni,1
Jamie Bathgate,1
Attix,1
Azure Lag,1
萨斯Sarziar,1
Funk D,1
TBR,1
The Cartoons,1
幽閉サテライト,1
豚乙女,1
TaNaBaTa,1
A-One,1
あたまわるいやつ,1
Cryogenic,1
Assertive's RANDOM STUFF,1
沼倉愛美,1
yuigot,1
Silent,1
Masaru Hinaiji,1
Ricardo Aguero,1
Neal Datta,1
MC Livid,1
Wasback,1
DEPAPEPE,1
KORAYUME,1
陈小春,1
h6itam,1
JXN,1
Ryland James,1
宋雨琦,1
poixone,1
Dyslm,1
Achex,1
CG-kArT,1
DJ T.H.,1
宮本浩次,1
许巍,1
Doktor,1
Malik Bash,1
Crazy Frog,1
MKJ,1
androp,1
Carousel,1
Vangelis,1
Lisa Miskovsky,1
단비,1
Foxtail-Grass Studio,1
Yungblud,1
Oli Sykes,1
Lipps Inc.,1
青木月光,1
Talay Riley,1
VaVa毛衍七,1
WillV,1
convolk,1
Guardin,1
9TAILS,1
BØRNS,1
deca joins,1
d4vd,1
郭顶,1
Bruno Major,1
Logic,1
hideyuki hashimoto,1
USERx,1
Rozwell,1
Manchester Orchestra,1
小林未郁,1
春野,1
Luke Bond,1
高梨康治,1
Khrebto,1
none,1
Mar-k,1
CoLin,1
Markiss,1
Scarlett,1
AVAION,1
東山奈央,1
小松未可子,1
空耿耿,1
Skorde,1
FRXZN,1
MD Electro,1
Johanna,1
"Studio """"Syrup Comfiture""""",1
Matthew Barber,1
АДЛИН,1
The Arcturians,1
Tommy Maze,1
CLUBWRK,1
Castor & Pollux,1
ゴジマジP,1
フロクロ,1
ナノ,1
Mojjo,1
Edson Faiolli,1
Tiny Meat Gang,1
Eklipse,1
Xense,1
Syndec,1
DEIIN,1
Baby Keem,1
Robin Vane,1
Just_____us,1
Iris Goes,1
Luca Houben,1
Sugarland,1
Stacey Hun,1
TDH,1
BurgeraX,1
Spektrum,1
Fideles,1
Mike Gudmann,1
Medon,1
布朗克斯,1
Isadora,1
ShadowBeatzlnc,1
Sekai,1
Professor Kliq,1
musicbyLUKAS,1
Melsen,1
Henri Bergmann,1
Wennink,1
Io,1
PeterGuo,1
Crossafuturx Releases,1
8Kays,1
Grimes,1
LittGloss,1
Tia Kofi,1
Mangoo,1
Behmer,1
AMBERLIND,1
Jacky V,1
Goody Grace,1
Maiyaka,1
Alex Holmes,1
SUNHO,1
María Jordán,1
BOOOYAGA,1
Pomella,1
Bombsquad,1
LP Giobbi,1
Caroline Byrne,1
DeshRoane,1
Armonica,1
A-RIZE,1
Harlœ,1
Lehar,1
Boogie T,1
Cat Dealers,1
HRRTZ,1
Nathan Nicholson,1
The Dip,1
Leo Stannard,1
i_o,1
Random,1
Killshot,1
Zeds Dead,1
Alec Maire,1
Brooke Forman,1
TAKEOFFANDFLY,1
Chad Kowal,1
Alex Aspen,1
Juliëx,1
Mc Robs,1
AYOR,1
YARO,1
KY☆,1
Emeni,1
Aluna,1
Kareen Lomax,1
五月天,1
Badboyhalo,1
Skeppy,1
CaptainPuffy,1
LilDeuceDeuce,1
TomSka,1
スフィア,1
Cormak,1
現役JK,1
Sauce,1
CHUBAY,1
ADA,1
不知火フレア,1
尾丸ポルカ,1
さくらみこ,1
白銀ノエル,1
不知火建設,1
muyu,1
U-Ruri,1
uynet,1
Helblinde,1
Niall T,1
うぐ,1
Chicane,1
Christian Burns,1
Amy Mae Lou,1
Michael Ekow,1
Max McElligott,1
System F,1
AlunaGeorge,1
Marcus Chan,1
yuri,1
ビートまりお,1
Senán Farrell,1
Griffin Oskar,1
Farruko,1
Trancys-Offical,1
雄之助,1
ParagonX9,1
API,1
Dragonkiller,1
片霧烈火,1
NAVOS,1
Azis,1
Home,1
ChAn.,1
MushrooM『蘑菇兄弟』,1
Lexiシ,1
Alaina Cross,1
Roman Poncet,1
悒うつぼ,1
Brandon ThaKidd,1
GTR7,1
Isek,1
胡伟立,1
陈一果,1
6obby,1
Arem Ozguc,1
Arman Aydin,1
Jordan Rys,1
Ari∅ne,1
Yanni,1
坂部剛,1
SAM WOLFE,1
Dido,1
The Who,1
Radiochaser,1
Rarin,1
ゆゆうた,1
KAIRUI,1
メトロミュー,1
Niklas Johansson,1
ナユタン星人,1
MORE MORE JUMP！,1
Heuse,1
Lemon Fight,1
Champion,1
InfiNoise,1
Project Nightfall,1
Joevasca,1
Rossy Marl,1
Electronica House,1
Vidya Vidya,1
linear ring,1
Zymbolo,1
cinnamons,1
evening cinema,1
Sri,1
Scott Hoying,1
Elyse Myers,1
Chris Olsen,1
MIRBRO,1
MewlanOfficial,1
庾澄庆,1
SearchMeDown,1
Tom Schley,1
増田順一,1
美歌,1
ginko,1
"OMOCAT, LLC.",1
Miwele,1
s-don,1
BLACKPINK,1
海茶,1
Dios,1
Sara Sangfelt,1
後ろから這いより隊G,1
NAEMS,1
Toccoyaki,1
Atura,1
THREESIXTY,1
La La Land Cast,1
R.I.Pablo,1
Stuart Crichton,1
KVPV,1
Malukah,1
Eric Johnson,1
梶浦由記,1
Hanson,1
Alisa,1
Axel Johansson,1
Yrbk,1
Lomaximus,1
TrySail,1
COEXIST,1
JeZZAR,1
SIR NOTCH,1
Chelcee Grimes,1
CARTA,1
Pharrell Williams,1
Newclaess,1
黄昏フロンティア,1
こふ,1
Richard Dowling,1
Scott Joplin,1
Lostboy,1
Slashtaq,1
Phantom Sage,1
The Eden Project,1
Spektrem,1
Rave Republic,1
New Sound Nation,1
Sønsh,1
Lil Baby,1
Robby East,1
Alt+F4,1
BH,1
Oliver Tree,1
Gravas,1
Fransis Derelle,1
Frank Zummo,1
Tea Timerz,1
CRaymak,1
Janee,1
Le Miner Swing,1
GIFTBACK,1
Dominik Johnson,1
Arsnova,1
VERMIN’Records,1
Axial,1
ruben.,1
Jarell Perry,1
Social Angstiety,1
Love Jai,1
Vesky,1
Glassy:oceaN,1
Niko Athanasatos,1
DEV,1
Brittany Howard,1
Tony Rodini,1
赵海洋,1
Road Kahan,1
Bandlez,1
银河快递,1
Jake Liedo,1
Chrystel,1
Alex Relaxing Zen,1
Mj adit,1
Adit,1
Christina Perri,1
Joy Williams,1
Jagwar Twin,1
4evrx,1
桜庭統,1
Nulbarich,1
AZ Tronaut,1
Trident,1
StanV,1
Kaga,1
月吟诗,1
Sultan + Shepard,1
Jannah Beth,1
Laura Warshauer,1
DJs From Mars,1
Tomcraft,1
My Friend,1
Mathame,1
Frýnn,1
莉犬,1
Renko,1
Starix​,1
Bright Shelter,1
AGST,1
MoyuScript,1
津田朱里,1
FrogMonster 蛙蛙,1
Dynamedion,1
FROZT,1
Derric,1
MXRCVRY,1
Pascal Letoublon,1
gko,1
石进,1
GTA,1
七结音,1
Remi Gallego,1
21 Savage,1
Baby Tate,1
Braken,1
Sizzle Bird,1
Aether,1
Savage,1
Chillpeach,1
lovici,1
Plvto,1
Alice Aera,1
Avao,1
Griff Clawson,1
Ella Young,1
Elderbrook,1
Janet Livv,1
Zuffo,1
Shaylen,1
Mike Ottoro,1
Surkin,1
Kenya Grace,1
Jowst,1
Chris Medina,1
NightRiders,1
Rama Duke,1
Dee Dee,1
G Curtis,1
Peggy Gou,1
Psyk,1
TOKYO ROSE,1
Lazerpunk,1
Miciri-Z,1
Erich Lennig,1
Lauren Daigle,1
Nate Dogg,1
R4KIDOR,1
EchoStorms,1
GRACEY,1
Fool's Garden,1
T-J,1
The Drill,1
SLVR,1
GISHIN,1
ONLY GAIN,1
Bok Nero,1
Rebelz,1
Delete,1
More Analog,1
The Kid LAROI,1
Sam Tsui,1
Casey Breves,1
4 Strings,1
サンドリオン,1
Avans,1
Rebecca Thomas,1
Popof,1
Coi Leray,1
Dawin,1
Galavant,1
Kheela,1
Whats Gud,1
Fedde Le Grand,1
Bensound,1
Train,1
Greg Holden,1
Sione,1
Horrible Kid,1
SkyLink,1
Melano,1
Glinskiy,1
DJ Siar,1
Henrik Jonback,1
Petter Tarland,1
Metropole Orkest,1
By the End of Summer,1
Carbon Based Lifeforms,1
Marie Vaunt,1
Matroda,1
Alana Springsteen,1
LSR/CITY,1
深澤秀行,1
Raymond Revel,1
Marcus McGarity,1
Paris,1
Kremont,1
Simo,1
Tez Cadey,1
Emad,1
Kyle Hume,1
Mona Moua,1
中川翔子,1
MIMiNARI,1
MVSE,1
RYNN,1
oomiee,1
lia;quo,1
凛,1
Vök,1
Leu Leu Land,1
Scheffwell,1
Marc Antonix,1
清水達也,1
前田尚紀,1
Greg Haway,1
Maurice West,1
Lost In City,1
West Coast Massive,1
TJYE,1
Aaron Fong,1
Ryzu,1
Steve James,1
Brooke Tomlinson,1
London Thor ORIGINAL,1
Rochelle Diamante,1
Polar Bears,1
Sam Ourt,1
aura,1
Sergi Yaro,1
HGHLND,1
Luke Anders,1
Flöte,1
Hvlo,1
Ni/Co,1
Kianna,1
Lowell,1
Florida Georgia Line,1
Author wind,1
Mihony,1
OHEY,1
Stavensuniverse,1
Askery,1
Laurell,1
Lash,1
Swanky Tunes,1
C. Todd Nielsen,1
Lost Boy,1
VE/RA,1
Jubël,1
Archie,1
The Subculture,1
Max Aruj,1
Haley Maze,1
Phea,1
Brooks Williams,1
KAIZEN,1
Shinigami,1
Kid Cudi,1
StreamBeats by Harris Heller,1
Andrew Mathers,1
Sam Fischer,1
Artificial.Music,1
Tphunk,1
Boney M.,1
Evian Christ,1
Måns Zelmerlöw,1
Duncan Laurence,1
Mark Hoppus,1
Lilianna Wilde,1
Autrey,1
Years & Years,1
Page,1
Jackson Guthy,1
Jay Ocean,1
Aniela,1
Nightcore High,1
Timebelle,1
Dodge & Fuski,1
Daijo,1
Jazemarie,1
Fujiyori,1
AHI,1
Dante Klein,1
Ashworth,1
Opposite The Other,1
Christopher,1
Kim Cesarion,1
Amir,1
Barns Courtney,1
Smallpools,1
BXXGER,1
bear bear & friends,1
MELVV,1
Kaivon,1
lofi'chield,1
The Companions,1
KELLYKKE,1
Mitte,1
MC Stretch,1
Brielle Von Hugel,1
Chloe Adams,1
Ray Le Fanue,1
Carneyval,1
ORKID,1
Kermode,1
Woodlock,1
Angel Pieters,1
BEGINNERS,1
Super8 & Tab,1
Tom Fall,1
London Thor,1
Toxic Joy,1
Neiv,1
Zaug,1
Vaecii,1
Kav Verhouzer,1
Simon Aldred,1
ΓИ7AL,1
Altinus,1
Cr3on,1
Lost Capital,1
it's murph,1
Kathy Brown,1
FWLR,1
Che'Nelle,1
Benjamin Francis Leftwich,1
ONEDUO,1
Victor Butzelaar,1
irucaice,1
Tokzick,1
BLKFLAGZ,1
Dada Life,1
ugumugu,1
須田景凪,1
硝酸生菜Synzak,1
Mae Muller,1
Caity Baser,1
Stefflon Don,1
Chapter 47,1
Zackow,1
BEAM,1
TANO*C ALL STARS,1
Melina Cortez,1
Tenzin,1
Sydnee Carter,1
Boi,1
Mark Morrison,1
Philgood,1
Eris,1
Hyperbits,1
Jordin Sparks,1
Smith & Thell,1
Swedish Jam Factory,1
Jonasu,1
JL CHAI,1
Melvo,1
Rhode,1
AK-ID,1
Shadow Cliq,1
Spiky Candy,1
Audra Mae,1
Devon Baldwin,1
Beam,1
Teddy Bee,1
VCATION,1
Chaoz,1
Seconds From Space,1
Seawayz,1
Florence Welch,1
Fractures,1
DREAMOIR,1
Ladysmith Black Mambazo,1
Pia Mia,1
Vokk,1
blink-182,1
Seredris,1
JES,1
Hex & Solstice,1
MKTO,1
Audistill,1
P3GI-13,1
Wolfpack,1
Alex Martin,1
Why Not,1
Ben Leuman,1
Tani Yuuki,1
菅原圭,1
Kura,1
Austin Jenckes,1
JHart,1
OMFG,1
KokonAngel,1
Die-OverXYC,1
동백,1
蔡健雅,1
Ydog Music,1
RL Grime,1
Krosia,1
GLN,1
Mark Vox,1
Tzar,1
Di Young,1
Dizzy.TC3,1
Nostalghia,1
G-Eazy,1
Donovan Woods,1
Merk & Kremont,1
lil aaron,1
Zach Hood,1
ピコン,1
やまだ豊,1
VISERLE,1
Aimy,1
Gangi,1
Alessa,1
Lady A,1
The Maine,1
Motion City Soundtrack,1
swft,1
Creeds,1
Captain Cuts,1
RSCL,1
Repiet,1
Julia Kleijn,1
John Lynx,1
Demitri Medina,1
((( O ))),1
Stephen Walking,1
Neko on'Nanoko*emoji,1
Mirolke,1
Jonas Flores,1
Felegs,1
Matstubs,1
Not Your Dope,1
Ether,1
McMaNGOS,1
DJ White,1
Radia,1
mimitsu,1
Cherish,1
兔子ST,1
Lights & Motion,1
甲鸟饼,1
deadsouls,1
CHANNEL,1
Кино,1
小林愛香,1
DamienDamien,1
4URA,1
Fusq,1
Jax Jones,1
BUMP OF CHICKEN,1
高嶺のなでしこ,1
Walter Mitty and his Makeshift Orchestra,1
PinkPantheress,1
Flower,1
blxty,1
kuru,1
Dzeko,1
Preme,1
Elton John,1
叶健,1
GENESI,1
Jrc Music,1
sajou no hana,1
Prismo,1
Within Temptation,1
Jadeolite,1
miwa,1
鈴湯,1
Korolova,1
Richard Judge,1
Pendulum,1
Alvin Risk,1
Bethybai,1
AT.H,1
MKC,1
Hannah Zhao,1
Guns N' Roses,1
HJFM,1
Jason Risk,1
Selah Sol,1
4 Non Blondes,1
Denis Podberezny,1
Edu Monteiro,1
Rico Act,1
Niηty♮,1
ゴンチチ,1
seven oops,1
ANANT-GARDE EYES,1
Emma Steinbakken,1
Madden,1
6.AM,1
Carola,1
三月のパンタシア,1
Tom & Jame,1
JGUAR,1
Denis Kenzo,1
Angel Falls,1
Jordan Gill,1
Whoriskey,1
罗大佑,1
毛不易,1
Futuristic Polar Bears,1
LUX (US),1
JJisCool,1
All Time Low,1
Megan & Liz,1
Chris Later,1
Dany Yeager,1
JigglePuff,1
夏央,1
iKz,1
CTI,1
Cults,1
Niko Omilana,1
347aidan,1
Zophia,1
Will Stetson,1
Juniya,1
Michael Sparks,1
Ali Schwartz,1
Wasted Penguinz,1
Blankfor.ms,1
Lee Grant,1
Metallica,1
Viro,1
Mai,1
法老,1
肯迪仔,1
NoLabelCrew,1
磨瀬,1
Little Big,1
Ericé,1
Fenris,1
L1VET..,1
春下れいな,1
AR/CO,1
MaxMillion,1
Nause,1
Fisher,1
Kita Alexander,1
羊毛とおはな,1
由薫,1
ZAQ,1
Sub Urban,1
Oxya,1
Rostak,1
Kate Davis,1
LarsM,1
Lithe,1
Zhao.J,1
Envyro,1
Carl Clarks,1
Cara Melín,1
とあ,1
gya9,1
Anvy,1
Sarah Rose,1
Karberg,1
Lvndscape,1
Cathrine Lassen,1
Michael Giacchino,1
DJ Gollum,1
Chardy and Kronic,1
霜月清风,1
Convex,1
Jex Jordyn,1
Radical Face,1
爱围棋,1
Suisei Works,1
Yuura.,1
Custody,1
Isra,1
Jimmie Allen,1
Lee Brice,1
Lindsay Ell,1
Bryn Christopher,1
Brett Young,1
Claire Rosinkranz,1
Amentis,1
Samuel Åberg,1
Evilwave,1
Todd Helder,1
TITUS,1
Eurythmics,1
胖虎（董欣怡）,1
Dustin Lynch,1
Triz,1
Matt Stell,1
Dixie,1
Three∞Loop,1
PeachPino,1
Sirstows,1
Henri Pfr,1
SteelniX,1
No Hero,1
SHACHI,1
$u$hiGirl,1
Avian Grays,1
The R3belz,1
Jean-Michel Jarre,1
Addison Zegan,1
声音碎片乐队,1
Funkdoobiest,1
Aqours,1
Jacob Plant,1
Mikk Mäe,1
Kaleena Zanders,1
Xeris,1
Peaceful Melody,1
soave lofi,1
flowers in your eyes,1
Kyakii,1
Angel Note,1
井ノ原智,1
Lily.μ,1
KMNZ LIZ,1
藤澤慶昌,1
Wiwek,1
Skylit,1
千鹤さま,1
Jorn van Deynhoven,1
Dr. Dre,1
The Devil Wears Prada,1
N6,1
Estelle,1
Haley Reinhart,1
Black V Neck,1
Kina Grannis,1
Money For Nothing,1
JVST SAY YES,1
Interlace,1
加藤ミリヤ,1
Liel Kolet,1
Scorpions,1
Tetrix Bass,1
ZEOL,1
Sz,1
mamomo,1
Askling,1
Division One (KR),1
KARAKURI 2039,1
Jun Kuroda,1
Sofia Kay,1
Jem Cooke,1
Travie's Nightmare,1
Sowyn,1
AEPPLE,1
Darin,1
Celeste,1
Luminite,1
XanTz,1
むﾄ,1
そおだー,1
Ashes Remain,1
Blitz Kids,1
ワルキューレ,1
Andrew A,1
Starrah,1
Kylie Minogue,1
Stileto,1
Luke Baker,1
Michael Roman,1
Monocule,1
Dallerium,1
恋愛幸运星,1
Veco,1
mollymolly,1
Brock Berrigan,1
saib.,1
Rachel Costanzo,1
Kaj,1
Veronica Maggio,1
VeetaCrush,1
Bo Bruce,1
Robyn,1
ANU,1
小霞,1
海洋Bo,1
ayokay,1
こすも8bit,1
José González,1
SheldonLeeee,1
Matt Ice,1
Sibel,1
YACA IN DA HOUSE,1
キツネDJ,1
yandere,1
hiyori,1
namyu,1
The Green Book Copacabana Orchestra,1
Air東城我夢,1
Bono,1
The Edge,1
新裤子,1
Blastoyz,1
Dimibo,1
CAMARDA,1
TORIENA,1
Taste,1
40mP,1
一二三,1
CHROMANCE,1
Parker Rudd,1
Donell Lewis,1
Fortafy,1
口ロロ (クチロロ),1
きのこ帝国,1
Hacker404,1
Aurora,1
Oru,1
Mabel,1
Veneo Isrugi,1
Son,1
Burgess,1
JESSIA,1
Jordan Suckley,1
Doechii,1
邱有句,1
RØYLS,1
опека,1
Klei,1
Dvrkcloud,1
林志炫,1
EM,1
Martin Carlos,1
Lookas,1
MUZZ,1
Deluzion,1
Livingston Crain,1
damnboy!,1
Kurama,1
Livingeasy,1
Willemijn May,1
Minnesota,1
Big Z,1
Poorchoice,1
Ben Fox,1
指出毬亜,1
大和田仁美,1
Deko,1
Yameii Online,1
Dotter,1
INFinite,1
Lovespeake,1
Edo_Ame江户糖,1
草食考拉,1
She Her Her Hers,1
Sokudo!,1
Noisy Choice,1
Louisa Johnson,1
Allie Coss,1
Pizuh,1
Fergie,1
Kichm,1
たなか,1
Yung Lean,1
Moby,1
Gregory Porter,1
Haddaway,1
The Qemists,1
Felicity,1
Maggie Szabo,1
Bailey Baker,1
MIO,1
Freddy Verano,1
Minnz Piano,1
Darude,1
Racoon,1
Eiffel 65,1
D!avolo,1
Colin & Caroline,1
LANDMVRKS,1
"Chunk! No, Captain Chunk!",1
Sara Kays,1
Sickick,1
Jake Silva,1
Sirona,1
Ucixyel,1
Kota,1
Madilyn Paige,1
P!nk,1
Jayddyn,1
Pearl Andersson,1
Steam Phunk,1
Linn,1
Sterkøl,1
WizG,1
Samantha Mumba,1
モリモリあつし,1
Lewis Griffin,1
Jeff kaale,1
α波オルゴール,1
Anya Shesternina,1
Prezioso,1
Shibui,1
Mia Pfirrman,1
Canna,1
Oolacile,1
Millennial Trash,1
modus.,1
Sky Roses,1
Lucas Ariel,1
Lola Blanc,1
Deborah de Luca,1
Flora Fauna,1
Savage Garden,1
Haux,1
2233娘,1
Henry Fong,1
D.O.D,1
双氧喵,1
WORLD ORDER,1
川原かな,1
アイロボ,1
Sophie J,1
TR101,1
Dreamlab,1
JAI RYU,1
Tensions,1
Fancy Inc,1
Liyuu,1
HANDED,1
Missy Elliott,1
Mr. Oizo,1
DJ Antoine,1
Sirah,1
Boys Noize,1
pftq,1
和ぬか,1
The Tech Thieves,1
Olivia Addams,1
salem ilese,1
Nathalie Blue,1
Nightcraft,1
Dvastate,1
Roc Dubloc,1
もちうつね,1
彩虹糖☆Rainbowets,1
Maddie Poppe,1
Shiggy Jr.,1
Shion,1
いすぼくろ,1
CHiCO,1
Kevin91x,1
Mittsies,1
Pyxis,1
Jay Diggs,1
接个吻，开一枪,1
CLARE,1
Les Gordon,1
TK from 凛として時雨,1
T-ara,1
SONIA,1
Meg Dean,1
Digital Farm Animals,1
Nelly,1
RHODES,1
Giles Corey,1
JRM,1
ユギカ,1
Pretty Pink,1
DJ TORA,1
Melissa Lamm,1
KIWAMU,1
Kana,1
Don Toliver,1
Maty Noyes,1
Levex,1
裏命,1
FLETCHER,1
SCREEN mode,1
Reeceps,1
Ayek,1
Phonky Audio,1
Speed Up Songs,1
SOUNDSCVPE,1
WNDRZ,1
Skyler Stonestreet,1
Jitra,1
Wayne Hector,1
式浦躁吾,1
Pegasas,1
Trilane,1
Kokaholla,1
Quarterback,1
Discopolis,1
Charlee,1
PANXI,1
Stef Classens,1
Arjay,1
Lourdiz,1
Shogun,1
DR. GABBA,1
Georgie Winchester,1
Dark Matter,1
idoo,1
Lil Deuce Deuce,1
溪泛,1
kobasolo,1
春茶,1
J. Balvin,1
わたてん☆5,1
Ocean Fun Records,1
夜狼沃增,1
轻水,1
和平和浪,1
Don McLean,1
ACOLDSWORDER,1
玉,1
TRNS:T,1
Ekzail,1
椒盐菠萝,1
Merry Lamb Lamb,1
Tilsen,1
Airally,1
Chemiscream,1
きゃりーぱみゅぱみゅ,1
Jetason,1
Hiddeki,1
Dsnt Matter,1
群星,1
Xillions,1
Bright Sparks,1
Prince paris,1
れるりり,1
SONJA,1
James Newman,1
AFISHAL,1
George Redwood,1
TOYOKI,1
花的专卖店,1
Dumday,1
Justin G,1
Aginomoto,1
warma,1
PRETTY YOUNG,1
Henry Hall,1
保科めぐみ,1
eufonius,1
Garoad,1
名取さな,1
Sound Energizer,1
Glow Beets,1
菊谷知樹,1
Small Talk,1
LU2VYK,1
Marmy,1
鈴木真海子,1
percent c / toshiki hayashi,1
Rogerseventytwo,1
DJ Kuba,1
Neitan,1
Carlie Hanson,1
Jack & Jack,1
Meg Myers,1
Eastblock Bitches,1
Juice WRLD,1
Paark,1
100 gecs,1
橘美來,1
菅野真衣,1
Lynn,1
Jamison,1
SoundKid,1
Miro,1
Amindo,1
Real Hypha,1
Dan Millward,1
Derek Joel,1
Tvny,1
EAD,1
Prezzur,1
✯BabyG✯,1
Mo$h,1
Y2K,1
Tim McGraw,1
Yueku,1
Sebastien Drums,1
Lykke Li,1
Swae Lee,1
鈴木みのり,1
Hudson Lee,1
Roy Gates,1
Ted Nights,1
Lena Leon,1
Stvcks,1
Jaxomy,1
Youkii,1
La Roux,1
Sunfly Karaoke,1
张震岳,1
Adriana Figueroa,1
annapantsu,1
Chi-Chi,1
Cami-Cat,1
Kathy-chan,1
EileMonty,1
xUnreachablee,1
WANDS,1
DallasK,1
Bhaskar,1
Hyper,1
Patrick Droney,1
6ix9ine,1
ファイルーズあい,1
石川界人,1
アラン,1
SickChild,1
4incola,1
Asteroiz,1
LIGHT ACLOUD,1
dobi,1
Azziah,1
SG,1
Devath,1
Mija,1
Mikesh!ft,1
Longo,1
Martina Corona,1
Crucio,1
Ninnin,1
Sam Helix,1
Thomas Nan,1
Zana,1
DTale,1
HumanS.,1
T3GOIZZ,1
依澪-LS,1
D.V.K RECORDS,1
Trailblazers Radar,1
Sophie Francis,1
Tania Zygar,1
Qeno,1
Harry Styles,1
imase,1
Grynpyret,1
SHINDIG,1
Coralmines,1
多多poi,1
dark cat,1
Juu,1
cinders,1
OBREAKZ,1
Cory Wong,1
Chiiild,1
imfinenow,1
ÊMIA,1
Merseh,1
Adyoro,1
Evelyn VTuber,1
Blade,1
Gray,1
野生三十,1
Collin McLoughlin,1
Kait Weston,1
Isabèl Usher,1
Jack & James,1
FIFTY FIFTY,1
Killabyte,1
Matt Van,1
Alyssa Reid,1
Cubes Collective,1
V?k,1
Cruel Youth,1
BÔN,1
CASE WANG,1
Niall Horan,1
めろくる,1
Felix Cartal,1
Sophie Simmons,1
ANGEMI,1
Rebel,1
C.HØPE,1
Da Brozz,1
smle,1
Camp Kubrick,1
Gigi,1
Matt Weiss,1
Mikdusk,1
Faustix,1
Remady,1
Manu-L,1
Birocratic,1
Saib,1
Ødyssee,1
Libercio,1
kaspara,1
D.M.U,1
FEWZ,1
Common Heights,1
Bill Evans,1
Bill Evans Trio,1
Eyezic,1
NanoKnife,1
AWOLNATION,1
風鈴ぼるけいの,1
Labrinth,1
AvĪcii,1
Buster Moe,1
MIRAMIS,1
Michael Bolton,1
Hexacube,1
2Spade,1
shiro3,1
tomoya,1
Henry Young,1
Ashley Alisha,1
Felix Palmqvist,1
Aire,1
Gavin DeGraw,1
Gabriela Richardson,1
毛蟹,1
末廣健一郎,1
Endorfin.,1
LP,1
Just Kiddin,1
Jamie N Commons,1
juu,1
Hawkins 77,1
7 Skies,1
RebMoe,1
PollyAnna,1
Krimsonn,1
Flaremode,1
BSY,1
JSY,1
Loé,1
Sustance,1
David Solomon,1
Hoved,1
Moerv,1
Christopher Damas,1
Maggie Lindemann,1
Nick Warner,1
Vindu,1
Delos,1
FUTURECODE,1
Gia Koka,1
Cosmos & Creature,1
Esydia,1
Tsu Nami,1
Normani,1
Built By Titan,1
Haruna,1
M,1
FROZEN QUALIA,1
kou,1
Knvwn,1
Jess Glynne,1
Shinedown,1
Kry.exe,1
nm-y,1
Mike Enemy,1
NTXC,1
SATICA,1
落烨,1
Srezcat,1
Junk,1
暁Records,1
Pablo Alborán,1
Julie Bergan,1
ORESAMA,1
James Arthur,1
Где Фантом?,1
Xoro,1
桃寝ちのい,1
ElliotJohn,1
StayLoose,1
Rachel Currea,1
Caspian,1
Noisecontrollers,1
Sammy Adams,1
Lari Luke,1
Emiah,1
Kovan,1
Electro-Light,1
Dimatis,1
The Plot In You,1
Codex,1
Div Eadie,1
Sebastian Hansson,1
朱婧汐Akini Jing,1
Ahxello,1
MARC,1
RuthAnne,1
Little Mix,1
えなこ,1
Barefoot,1
Dolly Parton,1
Julius Dreisig,1
Luna Lark,1
Veso,1
Kesha,1
TRINITYAiLE,1
Tom Bradley,1
John & Nathalie,1
Jason Edward,1
Dana Doom,1
Flatdisk,1
Gil Sanders,1
Jacob Wellfair,1
Auryn,1
James Dawson,1
hazey eyes,1
APPARE!Harajuku,1
Nu.ID,1
TIN,1
Jakko,1
Klauss & Turino,1
Paul Aiden,1
WH0AM!,1
Farallel,1
ZAXX,1
Moiez,1
Future Flight,1
MONA,1
Hunter Grant,1
Arvenius,1
Lovely Laura,1
Asher Monroe,1
Ingrid Michaelson,1
Aphexeuia,1
Mark Ronson,1
SipSu小口酥,1
Joakim Lundell,1
zircon,1
Hawk Nelson,1
The Cab,1
Hidden Charms,1
Manafest,1
Tom Bailey,1
Jaakob,1
Poppin D,1
Vincent,1
SOAURY MUSIC,1
Tia Tia,1
S7AR,1
Twin Forks,1
MattyBRaps,1
CoCo Jones,1
Katie Sky,1
supercell,1
Maor Levi,1
提香(TITIAN),1
Yurium幼里安,1
ChiliChill,1
Peter Johansson,1
Niklas Gustavsson,1
Korzana,1
Z3NV0,1
CHVRCHES,1
Ollie Wade,1
Darm,1
Anikdote,1
Catas,1
Le Malls,1
Sainte Barbe,1
Shiloh Dynasty,1
Inogg,1
Sam Knight,1
？/No,1
kuudere,1
89DX,1
Deep Vice,1
Odyssey,1
Seuto,1
Achill3s,1
VESRIX,1
siick,1
林如韵,1
Metio,1
RITUAL,1
Tove Styrke,1
Wild Culture,1
Ashton Love,1
MPV,1
4Beats,1
Conan Mac,1
Ben Callahan,1
The White Stripes,1
King Deco,1
孙睡觉,1
四七,1
Dan + Shay,1
D Smoke,1
Jonas Wallin,1
Tinie Tempah,1
Meyer,1
Naughty Boy,1
SEKAI NO OWARI,1
Olivia Penalva,1
coctaiL,1
红白色乐队,1
James Wellen,1
Jonny Rose,1
HON,1
Giang Pham,1
lullaboy,1
Joe Taylor,1
Vinze,1
Casso,1
Forgét Mej,1
Yuncino,1
Sisters Cap,1
EMELINE,1
Choro Club,1
Croatia Squad,1
汤汤汤汤汤总,1
高尔宣,1
sunkis 宋秉勤,1
郑怼怼,1
Cre-sc3NT,1
橙沁Asa,1
Adelén,1
Aymen,1
Mr. Polska,1
Austin Carl,1
茶理理,1
TetraCalyx,1
Jack Harlow,1
Thomas Laurent,1
GY,1
Aztech,1
Amy Peters,1
Nino Lucarelli,1
re:plus,1
K@keru Records,1
Arkangel,1
HINA,1
Flume,1
RIKKI,1
TYMEN,1
MNEK,1
Cö shu Nie,1
YIF钱毅峰,1
SupreCh,1
Aintops,1
Fagin,1
蓝褶,1
苏二零,1
Clever勺子,1
Hauzer,1
Twice,1
TITN,1
REGGAO,1
Halcyon,1
Valentina Franco,1
Mikey-18,1
缪礼丞,1
Arcane,1
Razihel,1
Tarik Asadi,1
Will Matta,1
2NATURAL,1
Wendy Wang 美辰,1
Winterberry,1
TRIVD,1
Nila,1
9am6master,1
Doctor Vox,1
森永千才,1
Meiden,1
Kendall Birdsong,1
Joysic,1
BKAYE,1
Tayler Buono,1
Tim Beeren,1
Svniivan,1
Boy Matthews,1
Emelie,1
ilem,1
Claudy,1
Tritan,1
Ratfoot,1
Prince Fox,1
艾志恒Asen,1
Lukas Graham,1
Windwan,1
Katie McConnell,1
Nora van Elken,1
Charlie Miller,1
桃雛なの,1
Melanie Fontana,1
957,1
STORYBOARDS,1
mow*2,1
Ruby,1
Bien,1
HEVALEN,1
UØ,1
LilLy,1
Asena,1
JRL,1
ALEMA,1
Robbe,1
Federal Empire,1
鱼头_killa4nia,1
Flay,1
Glimlip,1
Cacola,1
Joffrey Lorquet,1
DiegX,1
Kody Ternes,1
Boyinaband,1
三无MarBlue,1
Pete Kingsman,1
Mercedes,1
JUMA,1
ケーキ姫☆優海,1
Wulf,1
Leah Kate,1
yourbeagle,1
SayWeCanFly,1
Corey Saxon,1
October,1
WERECORDS,1
Keeley Bumford,1
Candy_Wind,1
SHIKI,1
Romy Dya,1
Daisy Guttridge,1
LeWinD,1
fakelife,1
Diamond Pistols,1
Emily Vaughn,1
IZECOLD,1
Molly Ann,1
DJ Walkzz,1
Hallman,1
Hiroto,1
Luna,1
Josh Cumbee,1
琅泱,1
Asim Azhar,1
Emery Taylor,1
Aquiver,1
UNTITLED CUBE,1
AXYL,1
Qayo,1
Mii,1
miko,1
Zakiya晴子,1
Joshua Micah,1
Cinco Cinco,1
Amberlake,1
KELLA,1
PARADISE RISING,1
Steven Peregrina,1
Arild Aas,1
Caroline Pennell,1
Edgar Sandoval Jr,1
Sofia Quinn,1
The Lumineers,1
EVO+,1
摄音记,1
Carly Jay,1
Frank Pole,1
Vitø,1
G Herbo,1
ユノギ シロ,1
VY1,1
bbbluelee,1
Furyl,1
Siren,1
Embody,1
Whogaux,1
逃离记录,1
The Hunterz,1
ANSWER,1
ZØLA,1
Rainych,1
seatrus,1
kuro,1
JONAH,1
Jason Mraz,1
双笙（陈元汐）,1
ELEPS,1
Pharell,1
With Løve,1
LICK,1
Alison Wonderland,1
May'n,1
SUBSOUND,1
Sheppard,1
Miyuu,1
aoi,1
RyAL,1
Meredith Bull,1
Moore,1
Noizu,1
Sofia Carson,1
Henry Tsai,1
Gerard Way,1
acaer,1
Airuei,1
Anemoi,1
Martin Fritzon,1
Beatrich,1
HYPERLOCK,1
PILLAR,1
土豆披萨直营,1
Devi第五,1
8485,1
Kooma,1
Emilie Brandt,1
Subtact,1
Rave New World,1
